"idVotacao";"uriVotacao";"dataHoraVoto";"voto";"deputado_id";"deputado_uri";"deputado_nome";"deputado_siglaPartido";"deputado_uriPartido";"deputado_siglaUf";"deputado_idLegislatura";"deputado_urlFoto"
"2563330-59";"https://dadosabertos.camara.leg.br/api/v2/votacoes/2563330-59";"2026-03-17T23:11:38";"Obstrução";"221328";"https://dadosabertos.camara.leg.br/api/v2/deputados/221328";"Adilson Barroso";"PL";"https://dadosabertos.camara.leg.br/api/v2/partidos/37906";"SP";"57";"https://www.camara.leg.br/internet/deputado/bandep/221328.jpg"
"2563330-59";"https://dadosabertos.camara.leg.br/api/v2/votacoes/2563330-59";"2026-03-17T23:11:58";"Não";"204560";"https://dadosabertos.camara.leg.br/api/v2/deputados/204560";"Adolfo Viana";"PSDB";"https://dadosabertos.camara.leg.br/api/v2/partidos/36835";"BA";"57";"https://www.camara.leg.br/internet/deputado/bandep/204560.jpg"
"2563330-59";"https://dadosabertos.camara.leg.br/api/v2/votacoes/2563330-59";"2026-03-17T23:18:29";"Sim";"204528";"https://dadosabertos.camara.leg.br/api/v2/deputados/204528";"Adriana Ventura";"NOVO";"https://dadosabertos.camara.leg.br/api/v2/partidos/37901";"SP";"57";"https://www.camara.leg.br/internet/deputado/bandep/204528.jpg"
"2563330-59";"https://dadosabertos.camara.leg.br/api/v2/votacoes/2563330-59";"2026-03-17T23:11:31";"Não";"121948";"https://dadosabertos.camara.leg.br/api/v2/deputados/121948";"Adriano do Baldy";"PP";"https://dadosabertos.camara.leg.br/api/v2/partidos/37903";"GO";"57";"https://www.camara.leg.br/internet/deputado/bandep/121948.jpg"
"2563330-59";"https://dadosabertos.camara.leg.br/api/v2/votacoes/2563330-59";"2026-03-17T23:11:45";"Não";"74646";"https://dadosabertos.camara.leg.br/api/v2/deputados/74646";"Aécio Neves";"PSDB";"https://dadosabertos.camara.leg.br/api/v2/partidos/36835";"MG";"57";"https://www.camara.leg.br/internet/deputado/bandep/74646.jpg"
"2563330-59";"https://dadosabertos.camara.leg.br/api/v2/votacoes/2563330-59";"2026-03-17T23:12:22";"Não";"178835";"https://dadosabertos.camara.leg.br/api/v2/deputados/178835";"Afonso Motta";"PDT";"https://dadosabertos.camara.leg.br/api/v2/partidos/36786";"RS";"57";"https://www.camara.leg.br/internet/deputado/bandep/178835.jpg"
"2563330-59";"https://dadosabertos.camara.leg.br/api/v2/votacoes/2563330-59";"2026-03-17T23:12:39";"Não";"204495";"https://dadosabertos.camara.leg.br/api/v2/deputados/204495";"Airton Faleiro";"PT";"https://dadosabertos.camara.leg.br/api/v2/partidos/36844";"PA";"57";"https://www.camara.leg.br/internet/deputado/bandep/204495.jpg"
"2563330-59";"https://dadosabertos.camara.leg.br/api/v2/votacoes/2563330-59";"2026-03-17T23:12:21";"Não";"204549";"https://dadosabertos.camara.leg.br/api/v2/deputados/204549";"AJ Albuquerque";"PP";"https://dadosabertos.camara.leg.br/api/v2/partidos/37903";"CE";"57";"https://www.camara.leg.br/internet/deputado/bandep/204549.jpg"
"2563330-59";"https://dadosabertos.camara.leg.br/api/v2/votacoes/2563330-59";"2026-03-17T23:15:55";"Sim";"73579";"https://dadosabertos.camara.leg.br/api/v2/deputados/73579";"Alberto Fraga";"PL";"https://dadosabertos.camara.leg.br/api/v2/partidos/37906";"DF";"57";"https://www.camara.leg.br/internet/deputado/bandep/73579.jpg"
"2563330-59";"https://dadosabertos.camara.leg.br/api/v2/votacoes/2563330-59";"2026-03-17T23:16:38";"Não";"220538";"https://dadosabertos.camara.leg.br/api/v2/deputados/220538";"Albuquerque";"REPUBLICANOS";"https://dadosabertos.camara.leg.br/api/v2/partidos/37908";"RR";"57";"https://www.camara.leg.br/internet/deputado/bandep/220538.jpg"
"2563330-59";"https://dadosabertos.camara.leg.br/api/v2/votacoes/2563330-59";"2026-03-17T23:13:51";"Sim";"160559";"https://dadosabertos.camara.leg.br/api/v2/deputados/160559";"Alceu Moreira";"MDB";"https://dadosabertos.camara.leg.br/api/v2/partidos/36899";"RS";"57";"https://www.camara.leg.br/internet/deputado/bandep/160559.jpg"
"2563330-59";"https://dadosabertos.camara.leg.br/api/v2/votacoes/2563330-59";"2026-03-17T23:12:56";"Não";"204571";"https://dadosabertos.camara.leg.br/api/v2/deputados/204571";"Alex Santana";"REPUBLICANOS";"https://dadosabertos.camara.leg.br/api/v2/partidos/37908";"BA";"57";"https://www.camara.leg.br/internet/deputado/bandep/204571.jpg"
"2563330-59";"https://dadosabertos.camara.leg.br/api/v2/votacoes/2563330-59";"2026-03-17T23:17:40";"Sim";"220542";"https://dadosabertos.camara.leg.br/api/v2/deputados/220542";"Alexandre Guimarães";"MDB";"https://dadosabertos.camara.leg.br/api/v2/partidos/36899";"TO";"57";"https://www.camara.leg.br/internet/deputado/bandep/220542.jpg"
"2563330-59";"https://dadosabertos.camara.leg.br/api/v2/votacoes/2563330-59";"2026-03-17T23:14:21";"Não";"160545";"https://dadosabertos.camara.leg.br/api/v2/deputados/160545";"Alexandre Leite";"UNIÃO";"https://dadosabertos.camara.leg.br/api/v2/partidos/38009";"SP";"57";"https://www.camara.leg.br/internet/deputado/bandep/160545.jpg"
"2563330-59";"https://dadosabertos.camara.leg.br/api/v2/votacoes/2563330-59";"2026-03-17T23:11:23";"Não";"220554";"https://dadosabertos.camara.leg.br/api/v2/deputados/220554";"Alexandre Lindenmeyer";"PT";"https://dadosabertos.camara.leg.br/api/v2/partidos/36844";"RS";"57";"https://www.camara.leg.br/internet/deputado/bandep/220554.jpg"
"2563330-59";"https://dadosabertos.camara.leg.br/api/v2/votacoes/2563330-59";"2026-03-17T23:12:22";"Não";"221148";"https://dadosabertos.camara.leg.br/api/v2/deputados/221148";"Alfredinho";"PT";"https://dadosabertos.camara.leg.br/api/v2/partidos/36844";"SP";"57";"https://www.camara.leg.br/internet/deputado/bandep/221148.jpg"
"2563330-59";"https://dadosabertos.camara.leg.br/api/v2/votacoes/2563330-59";"2026-03-17T23:12:02";"Não";"74057";"https://dadosabertos.camara.leg.br/api/v2/deputados/74057";"Alice Portugal";"PCdoB";"https://dadosabertos.camara.leg.br/api/v2/partidos/36779";"BA";"57";"https://www.camara.leg.br/internet/deputado/bandep/74057.jpg"
"2563330-59";"https://dadosabertos.camara.leg.br/api/v2/votacoes/2563330-59";"2026-03-17T23:15:11";"Não";"178881";"https://dadosabertos.camara.leg.br/api/v2/deputados/178881";"Aluisio Mendes";"REPUBLICANOS";"https://dadosabertos.camara.leg.br/api/v2/partidos/37908";"MA";"57";"https://www.camara.leg.br/internet/deputado/bandep/178881.jpg"
"2563330-59";"https://dadosabertos.camara.leg.br/api/v2/votacoes/2563330-59";"2026-03-17T23:12:59";"Não";"220707";"https://dadosabertos.camara.leg.br/api/v2/deputados/220707";"Amanda Gentil";"PP";"https://dadosabertos.camara.leg.br/api/v2/partidos/37903";"MA";"57";"https://www.camara.leg.br/internet/deputado/bandep/220707.jpg"
"2563330-59";"https://dadosabertos.camara.leg.br/api/v2/votacoes/2563330-59";"2026-03-17T23:14:41";"Não";"204356";"https://dadosabertos.camara.leg.br/api/v2/deputados/204356";"Amaro Neto";"REPUBLICANOS";"https://dadosabertos.camara.leg.br/api/v2/partidos/37908";"ES";"57";"https://www.camara.leg.br/internet/deputado/bandep/204356.jpg"
"2563330-59";"https://dadosabertos.camara.leg.br/api/v2/votacoes/2563330-59";"2026-03-17T23:12:59";"Não";"220556";"https://dadosabertos.camara.leg.br/api/v2/deputados/220556";"Ana Paula Lima";"PT";"https://dadosabertos.camara.leg.br/api/v2/partidos/36844";"SC";"57";"https://www.camara.leg.br/internet/deputado/bandep/220556.jpg"
"2563330-59";"https://dadosabertos.camara.leg.br/api/v2/votacoes/2563330-59";"2026-03-17T23:11:17";"Não";"220632";"https://dadosabertos.camara.leg.br/api/v2/deputados/220632";"Ana Pimentel";"PT";"https://dadosabertos.camara.leg.br/api/v2/partidos/36844";"MG";"57";"https://www.camara.leg.br/internet/deputado/bandep/220632.jpg"
"2563330-59";"https://dadosabertos.camara.leg.br/api/v2/votacoes/2563330-59";"2026-03-17T23:13:30";"Não";"178831";"https://dadosabertos.camara.leg.br/api/v2/deputados/178831";"André Abdon";"PP";"https://dadosabertos.camara.leg.br/api/v2/partidos/37903";"AP";"57";"https://www.camara.leg.br/internet/deputado/bandep/178831.jpg"
"2563330-59";"https://dadosabertos.camara.leg.br/api/v2/votacoes/2563330-59";"2026-03-17T23:15:43";"Sim";"220657";"https://dadosabertos.camara.leg.br/api/v2/deputados/220657";"André Fernandes";"PL";"https://dadosabertos.camara.leg.br/api/v2/partidos/37906";"CE";"57";"https://www.camara.leg.br/internet/deputado/bandep/220657.jpg"
"2563330-59";"https://dadosabertos.camara.leg.br/api/v2/votacoes/2563330-59";"2026-03-17T23:12:32";"Não";"204515";"https://dadosabertos.camara.leg.br/api/v2/deputados/204515";"André Janones";"AVANTE";"https://dadosabertos.camara.leg.br/api/v2/partidos/36898";"MG";"57";"https://www.camara.leg.br/internet/deputado/bandep/204515.jpg"
"2563330-59";"https://dadosabertos.camara.leg.br/api/v2/votacoes/2563330-59";"2026-03-17T23:11:05";"Não";"220676";"https://dadosabertos.camara.leg.br/api/v2/deputados/220676";"Andreia Siqueira";"MDB";"https://dadosabertos.camara.leg.br/api/v2/partidos/36899";"PA";"57";"https://www.camara.leg.br/internet/deputado/bandep/220676.jpg"
"2563330-59";"https://dadosabertos.camara.leg.br/api/v2/votacoes/2563330-59";"2026-03-17T23:11:56";"Não";"123756";"https://dadosabertos.camara.leg.br/api/v2/deputados/123756";"Antônia Lúcia";"REPUBLICANOS";"https://dadosabertos.camara.leg.br/api/v2/partidos/37908";"AC";"57";"https://www.camara.leg.br/internet/deputado/bandep/123756.jpg"
"2563330-59";"https://dadosabertos.camara.leg.br/api/v2/votacoes/2563330-59";"2026-03-17T23:10:54";"Não";"220544";"https://dadosabertos.camara.leg.br/api/v2/deputados/220544";"Antonio Andrade";"REPUBLICANOS";"https://dadosabertos.camara.leg.br/api/v2/partidos/37908";"TO";"57";"https://www.camara.leg.br/internet/deputado/bandep/220544.jpg"
"2563330-59";"https://dadosabertos.camara.leg.br/api/v2/votacoes/2563330-59";"2026-03-17T23:11:43";"Não";"220638";"https://dadosabertos.camara.leg.br/api/v2/deputados/220638";"Antonio Carlos Rodrigues";"PL";"https://dadosabertos.camara.leg.br/api/v2/partidos/37906";"SP";"57";"https://www.camara.leg.br/internet/deputado/bandep/220638.jpg"
"2563330-59";"https://dadosabertos.camara.leg.br/api/v2/votacoes/2563330-59";"2026-03-17T23:14:14";"Não";"220675";"https://dadosabertos.camara.leg.br/api/v2/deputados/220675";"Antônio Doido";"MDB";"https://dadosabertos.camara.leg.br/api/v2/partidos/36899";"PA";"57";"https://www.camara.leg.br/internet/deputado/bandep/220675.jpg"
"2563330-59";"https://dadosabertos.camara.leg.br/api/v2/votacoes/2563330-59";"2026-03-17T23:17:22";"Sim";"220549";"https://dadosabertos.camara.leg.br/api/v2/deputados/220549";"Any Ortiz";"CIDADANIA";"https://dadosabertos.camara.leg.br/api/v2/partidos/37905";"RS";"57";"https://www.camara.leg.br/internet/deputado/bandep/220549.jpg"
"2563330-59";"https://dadosabertos.camara.leg.br/api/v2/votacoes/2563330-59";"2026-03-17T23:12:07";"Não";"73433";"https://dadosabertos.camara.leg.br/api/v2/deputados/73433";"Arlindo Chinaglia";"PT";"https://dadosabertos.camara.leg.br/api/v2/partidos/36844";"SP";"57";"https://www.camara.leg.br/internet/deputado/bandep/73433.jpg"
"2563330-59";"https://dadosabertos.camara.leg.br/api/v2/votacoes/2563330-59";"2026-03-17T23:13:38";"Não";"160600";"https://dadosabertos.camara.leg.br/api/v2/deputados/160600";"Arthur Oliveira Maia";"UNIÃO";"https://dadosabertos.camara.leg.br/api/v2/partidos/38009";"BA";"57";"https://www.camara.leg.br/internet/deputado/bandep/160600.jpg"
"2563330-59";"https://dadosabertos.camara.leg.br/api/v2/votacoes/2563330-59";"2026-03-17T23:11:08";"Não";"74090";"https://dadosabertos.camara.leg.br/api/v2/deputados/74090";"Átila Lins";"PSD";"https://dadosabertos.camara.leg.br/api/v2/partidos/36834";"AM";"57";"https://www.camara.leg.br/internet/deputado/bandep/74090.jpg"
"2563330-59";"https://dadosabertos.camara.leg.br/api/v2/votacoes/2563330-59";"2026-03-17T23:13:04";"Não";"123086";"https://dadosabertos.camara.leg.br/api/v2/deputados/123086";"Átila Lira";"PP";"https://dadosabertos.camara.leg.br/api/v2/partidos/37903";"PI";"57";"https://www.camara.leg.br/internet/deputado/bandep/123086.jpg"
"2563330-59";"https://dadosabertos.camara.leg.br/api/v2/votacoes/2563330-59";"2026-03-17T23:15:41";"Não";"160665";"https://dadosabertos.camara.leg.br/api/v2/deputados/160665";"Augusto Coutinho";"REPUBLICANOS";"https://dadosabertos.camara.leg.br/api/v2/partidos/37908";"PE";"57";"https://www.camara.leg.br/internet/deputado/bandep/160665.jpg"
"2563330-59";"https://dadosabertos.camara.leg.br/api/v2/votacoes/2563330-59";"2026-03-17T23:15:36";"Não";"69871";"https://dadosabertos.camara.leg.br/api/v2/deputados/69871";"Bacelar";"PV";"https://dadosabertos.camara.leg.br/api/v2/partidos/36851";"BA";"57";"https://www.camara.leg.br/internet/deputado/bandep/69871.jpg"
"2563330-59";"https://dadosabertos.camara.leg.br/api/v2/votacoes/2563330-59";"2026-03-17T23:10:30";"Não";"220605";"https://dadosabertos.camara.leg.br/api/v2/deputados/220605";"Bandeira de Mello";"PSB";"https://dadosabertos.camara.leg.br/api/v2/partidos/36832";"RJ";"57";"https://www.camara.leg.br/internet/deputado/bandep/220605.jpg"
"2563330-59";"https://dadosabertos.camara.leg.br/api/v2/votacoes/2563330-59";"2026-03-17T23:10:21";"Não";"220612";"https://dadosabertos.camara.leg.br/api/v2/deputados/220612";"Bebeto";"PP";"https://dadosabertos.camara.leg.br/api/v2/partidos/36845";"RJ";"57";"https://www.camara.leg.br/internet/deputado/bandep/220612.jpg"
"2563330-59";"https://dadosabertos.camara.leg.br/api/v2/votacoes/2563330-59";"2026-03-17T23:12:31";"Não";"73701";"https://dadosabertos.camara.leg.br/api/v2/deputados/73701";"Benedita da Silva";"PT";"https://dadosabertos.camara.leg.br/api/v2/partidos/36844";"RJ";"57";"https://www.camara.leg.br/internet/deputado/bandep/73701.jpg"
"2563330-59";"https://dadosabertos.camara.leg.br/api/v2/votacoes/2563330-59";"2026-03-17T23:11:42";"Não";"109429";"https://dadosabertos.camara.leg.br/api/v2/deputados/109429";"Benes Leocádio";"UNIÃO";"https://dadosabertos.camara.leg.br/api/v2/partidos/38009";"RN";"57";"https://www.camara.leg.br/internet/deputado/bandep/109429.jpg"
"2563330-59";"https://dadosabertos.camara.leg.br/api/v2/votacoes/2563330-59";"2026-03-17T23:13:42";"Não";"204358";"https://dadosabertos.camara.leg.br/api/v2/deputados/204358";"Beto Pereira";"PSDB";"https://dadosabertos.camara.leg.br/api/v2/partidos/36835";"MS";"57";"https://www.camara.leg.br/internet/deputado/bandep/204358.jpg"
"2563330-59";"https://dadosabertos.camara.leg.br/api/v2/votacoes/2563330-59";"2026-03-17T23:11:20";"Não";"220683";"https://dadosabertos.camara.leg.br/api/v2/deputados/220683";"Beto Richa";"PSDB";"https://dadosabertos.camara.leg.br/api/v2/partidos/36835";"PR";"57";"https://www.camara.leg.br/internet/deputado/bandep/220683.jpg"
"2563330-59";"https://dadosabertos.camara.leg.br/api/v2/votacoes/2563330-59";"2026-03-17T23:15:42";"Sim";"204374";"https://dadosabertos.camara.leg.br/api/v2/deputados/204374";"Bia Kicis";"PL";"https://dadosabertos.camara.leg.br/api/v2/partidos/37906";"DF";"57";"https://www.camara.leg.br/internet/deputado/bandep/204374.jpg"
"2563330-59";"https://dadosabertos.camara.leg.br/api/v2/votacoes/2563330-59";"2026-03-17T23:15:32";"Sim";"204388";"https://dadosabertos.camara.leg.br/api/v2/deputados/204388";"Bibo Nunes";"PL";"https://dadosabertos.camara.leg.br/api/v2/partidos/37906";"RS";"57";"https://www.camara.leg.br/internet/deputado/bandep/204388.jpg"
"2563330-59";"https://dadosabertos.camara.leg.br/api/v2/votacoes/2563330-59";"2026-03-17T23:15:47";"Não";"160538";"https://dadosabertos.camara.leg.br/api/v2/deputados/160538";"Bohn Gass";"PT";"https://dadosabertos.camara.leg.br/api/v2/partidos/36844";"RS";"57";"https://www.camara.leg.br/internet/deputado/bandep/160538.jpg"
"2563330-59";"https://dadosabertos.camara.leg.br/api/v2/votacoes/2563330-59";"2026-03-17T23:16:09";"Não";"210989";"https://dadosabertos.camara.leg.br/api/v2/deputados/210989";"Bruno Farias";"AVANTE";"https://dadosabertos.camara.leg.br/api/v2/partidos/36898";"MG";"57";"https://www.camara.leg.br/internet/deputado/bandep/210989.jpg"
"2563330-59";"https://dadosabertos.camara.leg.br/api/v2/votacoes/2563330-59";"2026-03-17T23:11:00";"Não";"220635";"https://dadosabertos.camara.leg.br/api/v2/deputados/220635";"Bruno Ganem";"PODE";"https://dadosabertos.camara.leg.br/api/v2/partidos/36896";"SP";"57";"https://www.camara.leg.br/internet/deputado/bandep/220635.jpg"
"2563330-59";"https://dadosabertos.camara.leg.br/api/v2/votacoes/2563330-59";"2026-03-17T23:11:19";"Obstrução";"220574";"https://dadosabertos.camara.leg.br/api/v2/deputados/220574";"Cabo Gilberto Silva";"PL";"https://dadosabertos.camara.leg.br/api/v2/partidos/37906";"PB";"57";"https://www.camara.leg.br/internet/deputado/bandep/220574.jpg"
"2563330-59";"https://dadosabertos.camara.leg.br/api/v2/votacoes/2563330-59";"2026-03-17T23:14:09";"Não";"220548";"https://dadosabertos.camara.leg.br/api/v2/deputados/220548";"Camila Jara";"PT";"https://dadosabertos.camara.leg.br/api/v2/partidos/36844";"MS";"57";"https://www.camara.leg.br/internet/deputado/bandep/220548.jpg"
"2563330-59";"https://dadosabertos.camara.leg.br/api/v2/votacoes/2563330-59";"2026-03-17T23:17:01";"Sim";"204572";"https://dadosabertos.camara.leg.br/api/v2/deputados/204572";"Capitão Alberto Neto";"PL";"https://dadosabertos.camara.leg.br/api/v2/partidos/37906";"AM";"57";"https://www.camara.leg.br/internet/deputado/bandep/204572.jpg"
"2563330-59";"https://dadosabertos.camara.leg.br/api/v2/votacoes/2563330-59";"2026-03-17T23:15:30";"Obstrução";"220690";"https://dadosabertos.camara.leg.br/api/v2/deputados/220690";"Capitão Alden";"PL";"https://dadosabertos.camara.leg.br/api/v2/partidos/37906";"BA";"57";"https://www.camara.leg.br/internet/deputado/bandep/220690.jpg"
"2563330-59";"https://dadosabertos.camara.leg.br/api/v2/votacoes/2563330-59";"2026-03-17T23:17:02";"Sim";"178829";"https://dadosabertos.camara.leg.br/api/v2/deputados/178829";"Capitão Augusto";"PL";"https://dadosabertos.camara.leg.br/api/v2/partidos/37906";"SP";"57";"https://www.camara.leg.br/internet/deputado/bandep/178829.jpg"
"2563330-59";"https://dadosabertos.camara.leg.br/api/v2/votacoes/2563330-59";"2026-03-17T23:13:45";"Não";"213762";"https://dadosabertos.camara.leg.br/api/v2/deputados/213762";"Carla Dickson";"UNIÃO";"https://dadosabertos.camara.leg.br/api/v2/partidos/38009";"RN";"57";"https://www.camara.leg.br/internet/deputado/bandep/213762.jpg"
"2563330-59";"https://dadosabertos.camara.leg.br/api/v2/votacoes/2563330-59";"2026-03-17T23:14:01";"Não";"178962";"https://dadosabertos.camara.leg.br/api/v2/deputados/178962";"Carlos Gomes";"REPUBLICANOS";"https://dadosabertos.camara.leg.br/api/v2/partidos/37908";"RS";"57";"https://www.camara.leg.br/internet/deputado/bandep/178962.jpg"
"2563330-59";"https://dadosabertos.camara.leg.br/api/v2/votacoes/2563330-59";"2026-03-17T23:15:08";"Sim";"204460";"https://dadosabertos.camara.leg.br/api/v2/deputados/204460";"Carlos Jordy";"PL";"https://dadosabertos.camara.leg.br/api/v2/partidos/37906";"RJ";"57";"https://www.camara.leg.br/internet/deputado/bandep/204460.jpg"
"2563330-59";"https://dadosabertos.camara.leg.br/api/v2/votacoes/2563330-59";"2026-03-17T23:17:24";"Sim";"74262";"https://dadosabertos.camara.leg.br/api/v2/deputados/74262";"Carlos Sampaio";"PSD";"https://dadosabertos.camara.leg.br/api/v2/partidos/36834";"SP";"57";"https://www.camara.leg.br/internet/deputado/bandep/74262.jpg"
"2563330-59";"https://dadosabertos.camara.leg.br/api/v2/votacoes/2563330-59";"2026-03-17T23:13:20";"Não";"141398";"https://dadosabertos.camara.leg.br/api/v2/deputados/141398";"Carlos Zarattini";"PT";"https://dadosabertos.camara.leg.br/api/v2/partidos/36844";"SP";"57";"https://www.camara.leg.br/internet/deputado/bandep/141398.jpg"
"2563330-59";"https://dadosabertos.camara.leg.br/api/v2/votacoes/2563330-59";"2026-03-17T23:16:19";"Não";"220704";"https://dadosabertos.camara.leg.br/api/v2/deputados/220704";"Carol Dartora";"PT";"https://dadosabertos.camara.leg.br/api/v2/partidos/36844";"PR";"57";"https://www.camara.leg.br/internet/deputado/bandep/220704.jpg"
"2563330-59";"https://dadosabertos.camara.leg.br/api/v2/votacoes/2563330-59";"2026-03-17T23:18:09";"Sim";"204369";"https://dadosabertos.camara.leg.br/api/v2/deputados/204369";"Caroline de Toni";"PL";"https://dadosabertos.camara.leg.br/api/v2/partidos/37906";"SC";"57";"https://www.camara.leg.br/internet/deputado/bandep/204369.jpg"
"2563330-59";"https://dadosabertos.camara.leg.br/api/v2/votacoes/2563330-59";"2026-03-17T23:14:05";"Não";"206018";"https://dadosabertos.camara.leg.br/api/v2/deputados/206018";"Célia Xakriabá";"PSOL";"https://dadosabertos.camara.leg.br/api/v2/partidos/36839";"MG";"57";"https://www.camara.leg.br/internet/deputado/bandep/206018.jpg"
"2563330-59";"https://dadosabertos.camara.leg.br/api/v2/votacoes/2563330-59";"2026-03-17T23:13:42";"Sim";"178876";"https://dadosabertos.camara.leg.br/api/v2/deputados/178876";"Célio Silveira";"MDB";"https://dadosabertos.camara.leg.br/api/v2/partidos/36899";"GO";"57";"https://www.camara.leg.br/internet/deputado/bandep/178876.jpg"
"2563330-59";"https://dadosabertos.camara.leg.br/api/v2/votacoes/2563330-59";"2026-03-17T23:13:35";"Não";"204488";"https://dadosabertos.camara.leg.br/api/v2/deputados/204488";"Célio Studart";"PSD";"https://dadosabertos.camara.leg.br/api/v2/partidos/36834";"CE";"57";"https://www.camara.leg.br/internet/deputado/bandep/204488.jpg"
"2563330-59";"https://dadosabertos.camara.leg.br/api/v2/votacoes/2563330-59";"2026-03-17T23:11:52";"Não";"73441";"https://dadosabertos.camara.leg.br/api/v2/deputados/73441";"Celso Russomanno";"REPUBLICANOS";"https://dadosabertos.camara.leg.br/api/v2/partidos/37908";"SP";"57";"https://www.camara.leg.br/internet/deputado/bandep/73441.jpg"
"2563330-59";"https://dadosabertos.camara.leg.br/api/v2/votacoes/2563330-59";"2026-03-17T23:12:11";"Não";"204496";"https://dadosabertos.camara.leg.br/api/v2/deputados/204496";"Celso Sabino";"UNIÃO";"https://dadosabertos.camara.leg.br/api/v2/partidos/38009";"PA";"57";"https://www.camara.leg.br/internet/deputado/bandep/204496.jpg"
"2563330-59";"https://dadosabertos.camara.leg.br/api/v2/votacoes/2563330-59";"2026-03-17T23:15:13";"Não";"204504";"https://dadosabertos.camara.leg.br/api/v2/deputados/204504";"Cezinha de Madureira";"PSD";"https://dadosabertos.camara.leg.br/api/v2/partidos/36834";"SP";"57";"https://www.camara.leg.br/internet/deputado/bandep/204504.jpg"
"2563330-59";"https://dadosabertos.camara.leg.br/api/v2/votacoes/2563330-59";"2026-03-17T23:10:27";"Não";"205476";"https://dadosabertos.camara.leg.br/api/v2/deputados/205476";"Charles Fernandes";"PSD";"https://dadosabertos.camara.leg.br/api/v2/partidos/36834";"BA";"57";"https://www.camara.leg.br/internet/deputado/bandep/205476.jpg"
"2563330-59";"https://dadosabertos.camara.leg.br/api/v2/votacoes/2563330-59";"2026-03-17T23:10:30";"Não";"74171";"https://dadosabertos.camara.leg.br/api/v2/deputados/74171";"Chico Alencar";"PSOL";"https://dadosabertos.camara.leg.br/api/v2/partidos/36839";"RJ";"57";"https://www.camara.leg.br/internet/deputado/bandep/74171.jpg"
"2563330-59";"https://dadosabertos.camara.leg.br/api/v2/votacoes/2563330-59";"2026-03-17T23:13:49";"Obstrução";"204462";"https://dadosabertos.camara.leg.br/api/v2/deputados/204462";"Chris Tonietto";"PL";"https://dadosabertos.camara.leg.br/api/v2/partidos/37906";"RJ";"57";"https://www.camara.leg.br/internet/deputado/bandep/204462.jpg"
"2563330-59";"https://dadosabertos.camara.leg.br/api/v2/votacoes/2563330-59";"2026-03-17T23:16:48";"Sim";"220665";"https://dadosabertos.camara.leg.br/api/v2/deputados/220665";"Clarissa Tércio";"PP";"https://dadosabertos.camara.leg.br/api/v2/partidos/37903";"PE";"57";"https://www.camara.leg.br/internet/deputado/bandep/220665.jpg"
"2563330-59";"https://dadosabertos.camara.leg.br/api/v2/votacoes/2563330-59";"2026-03-17T23:15:21";"Não";"141408";"https://dadosabertos.camara.leg.br/api/v2/deputados/141408";"Cleber Verde";"MDB";"https://dadosabertos.camara.leg.br/api/v2/partidos/36899";"MA";"57";"https://www.camara.leg.br/internet/deputado/bandep/141408.jpg"
"2563330-59";"https://dadosabertos.camara.leg.br/api/v2/votacoes/2563330-59";"2026-03-17T23:11:31";"Não";"88256";"https://dadosabertos.camara.leg.br/api/v2/deputados/88256";"Clodoaldo Magalhães";"PV";"https://dadosabertos.camara.leg.br/api/v2/partidos/36851";"PE";"57";"https://www.camara.leg.br/internet/deputado/bandep/88256.jpg"
"2563330-59";"https://dadosabertos.camara.leg.br/api/v2/votacoes/2563330-59";"2026-03-17T23:10:44";"Obstrução";"204378";"https://dadosabertos.camara.leg.br/api/v2/deputados/204378";"Coronel Chrisóstomo";"PL";"https://dadosabertos.camara.leg.br/api/v2/partidos/37906";"RO";"57";"https://www.camara.leg.br/internet/deputado/bandep/204378.jpg"
"2563330-59";"https://dadosabertos.camara.leg.br/api/v2/votacoes/2563330-59";"2026-03-17T23:17:55";"Sim";"220595";"https://dadosabertos.camara.leg.br/api/v2/deputados/220595";"Coronel Fernanda";"PL";"https://dadosabertos.camara.leg.br/api/v2/partidos/37906";"MT";"57";"https://www.camara.leg.br/internet/deputado/bandep/220595.jpg"
"2563330-59";"https://dadosabertos.camara.leg.br/api/v2/votacoes/2563330-59";"2026-03-17T23:11:38";"Obstrução";"220666";"https://dadosabertos.camara.leg.br/api/v2/deputados/220666";"Coronel Meira";"PL";"https://dadosabertos.camara.leg.br/api/v2/partidos/37906";"PE";"57";"https://www.camara.leg.br/internet/deputado/bandep/220666.jpg"
"2563330-59";"https://dadosabertos.camara.leg.br/api/v2/votacoes/2563330-59";"2026-03-17T23:13:12";"Não";"220590";"https://dadosabertos.camara.leg.br/api/v2/deputados/220590";"Coronel Ulysses";"UNIÃO";"https://dadosabertos.camara.leg.br/api/v2/partidos/38009";"AC";"57";"https://www.camara.leg.br/internet/deputado/bandep/220590.jpg"
"2563330-59";"https://dadosabertos.camara.leg.br/api/v2/votacoes/2563330-59";"2026-03-17T23:12:23";"Não";"220608";"https://dadosabertos.camara.leg.br/api/v2/deputados/220608";"Cristiane Lopes";"UNIÃO";"https://dadosabertos.camara.leg.br/api/v2/partidos/38009";"RO";"57";"https://www.camara.leg.br/internet/deputado/bandep/220608.jpg"
"2563330-59";"https://dadosabertos.camara.leg.br/api/v2/votacoes/2563330-59";"2026-03-17T23:18:51";"Não";"204355";"https://dadosabertos.camara.leg.br/api/v2/deputados/204355";"Da Vitoria";"PP";"https://dadosabertos.camara.leg.br/api/v2/partidos/37903";"ES";"57";"https://www.camara.leg.br/internet/deputado/bandep/204355.jpg"
"2563330-59";"https://dadosabertos.camara.leg.br/api/v2/votacoes/2563330-59";"2026-03-17T23:11:05";"Não";"141411";"https://dadosabertos.camara.leg.br/api/v2/deputados/141411";"Dagoberto Nogueira";"PSDB";"https://dadosabertos.camara.leg.br/api/v2/partidos/36835";"MS";"57";"https://www.camara.leg.br/internet/deputado/bandep/141411.jpg"
"2563330-59";"https://dadosabertos.camara.leg.br/api/v2/votacoes/2563330-59";"2026-03-17T23:10:14";"Não";"220555";"https://dadosabertos.camara.leg.br/api/v2/deputados/220555";"Daiana Santos";"PCdoB";"https://dadosabertos.camara.leg.br/api/v2/partidos/36779";"RS";"57";"https://www.camara.leg.br/internet/deputado/bandep/220555.jpg"
"2563330-59";"https://dadosabertos.camara.leg.br/api/v2/votacoes/2563330-59";"2026-03-17T23:15:34";"Não";"220692";"https://dadosabertos.camara.leg.br/api/v2/deputados/220692";"Dal Barreto";"UNIÃO";"https://dadosabertos.camara.leg.br/api/v2/partidos/38009";"BA";"57";"https://www.camara.leg.br/internet/deputado/bandep/220692.jpg"
"2563330-59";"https://dadosabertos.camara.leg.br/api/v2/votacoes/2563330-59";"2026-03-17T23:14:06";"Não";"220629";"https://dadosabertos.camara.leg.br/api/v2/deputados/220629";"Dandara";"PT";"https://dadosabertos.camara.leg.br/api/v2/partidos/36844";"MG";"57";"https://www.camara.leg.br/internet/deputado/bandep/220629.jpg"
"2563330-59";"https://dadosabertos.camara.leg.br/api/v2/votacoes/2563330-59";"2026-03-17T23:15:16";"Sim";"220603";"https://dadosabertos.camara.leg.br/api/v2/deputados/220603";"Dani Cunha";"UNIÃO";"https://dadosabertos.camara.leg.br/api/v2/partidos/38009";"RJ";"57";"https://www.camara.leg.br/internet/deputado/bandep/220603.jpg"
"2563330-59";"https://dadosabertos.camara.leg.br/api/v2/votacoes/2563330-59";"2026-03-17T23:16:40";"Sim";"220571";"https://dadosabertos.camara.leg.br/api/v2/deputados/220571";"Daniel Agrobom";"PL";"https://dadosabertos.camara.leg.br/api/v2/partidos/37906";"GO";"57";"https://www.camara.leg.br/internet/deputado/bandep/220571.jpg"
"2563330-59";"https://dadosabertos.camara.leg.br/api/v2/votacoes/2563330-59";"2026-03-17T23:13:41";"Não";"74060";"https://dadosabertos.camara.leg.br/api/v2/deputados/74060";"Daniel Almeida";"PCdoB";"https://dadosabertos.camara.leg.br/api/v2/partidos/36779";"BA";"57";"https://www.camara.leg.br/internet/deputado/bandep/74060.jpg"
"2563330-59";"https://dadosabertos.camara.leg.br/api/v2/votacoes/2563330-59";"2026-03-17T23:13:22";"Não";"220582";"https://dadosabertos.camara.leg.br/api/v2/deputados/220582";"Daniel Barbosa";"PP";"https://dadosabertos.camara.leg.br/api/v2/partidos/37903";"AL";"57";"https://www.camara.leg.br/internet/deputado/bandep/220582.jpg"
"2563330-59";"https://dadosabertos.camara.leg.br/api/v2/votacoes/2563330-59";"2026-03-17T23:17:18";"Sim";"204367";"https://dadosabertos.camara.leg.br/api/v2/deputados/204367";"Daniel Freitas";"PL";"https://dadosabertos.camara.leg.br/api/v2/partidos/37906";"SC";"57";"https://www.camara.leg.br/internet/deputado/bandep/204367.jpg"
"2563330-59";"https://dadosabertos.camara.leg.br/api/v2/votacoes/2563330-59";"2026-03-17T23:11:13";"Obstrução";"204409";"https://dadosabertos.camara.leg.br/api/v2/deputados/204409";"Daniel Trzeciak";"PSDB";"https://dadosabertos.camara.leg.br/api/v2/partidos/36835";"RS";"57";"https://www.camara.leg.br/internet/deputado/bandep/204409.jpg"
"2563330-59";"https://dadosabertos.camara.leg.br/api/v2/votacoes/2563330-59";"2026-03-17T23:11:08";"Não";"204459";"https://dadosabertos.camara.leg.br/api/v2/deputados/204459";"Daniela do Waguinho";"UNIÃO";"https://dadosabertos.camara.leg.br/api/v2/partidos/38009";"RJ";"57";"https://www.camara.leg.br/internet/deputado/bandep/204459.jpg"
"2563330-59";"https://dadosabertos.camara.leg.br/api/v2/votacoes/2563330-59";"2026-03-17T23:15:25";"Sim";"220557";"https://dadosabertos.camara.leg.br/api/v2/deputados/220557";"Daniela Reinehr";"PL";"https://dadosabertos.camara.leg.br/api/v2/partidos/37906";"SC";"57";"https://www.camara.leg.br/internet/deputado/bandep/220557.jpg"
"2563330-59";"https://dadosabertos.camara.leg.br/api/v2/votacoes/2563330-59";"2026-03-17T23:12:30";"Sim";"160552";"https://dadosabertos.camara.leg.br/api/v2/deputados/160552";"Danrlei de Deus Hinterholz";"PSD";"https://dadosabertos.camara.leg.br/api/v2/partidos/36834";"RS";"57";"https://www.camara.leg.br/internet/deputado/bandep/160552.jpg"
"2563330-59";"https://dadosabertos.camara.leg.br/api/v2/votacoes/2563330-59";"2026-03-17T23:18:37";"Não";"220539";"https://dadosabertos.camara.leg.br/api/v2/deputados/220539";"Defensor Stélio Dener";"REPUBLICANOS";"https://dadosabertos.camara.leg.br/api/v2/partidos/37908";"RR";"57";"https://www.camara.leg.br/internet/deputado/bandep/220539.jpg"
"2563330-59";"https://dadosabertos.camara.leg.br/api/v2/votacoes/2563330-59";"2026-03-17T23:17:51";"Sim";"220625";"https://dadosabertos.camara.leg.br/api/v2/deputados/220625";"Delegada Ione";"AVANTE";"https://dadosabertos.camara.leg.br/api/v2/partidos/36898";"MG";"57";"https://www.camara.leg.br/internet/deputado/bandep/220625.jpg"
"2563330-59";"https://dadosabertos.camara.leg.br/api/v2/votacoes/2563330-59";"2026-03-17T23:10:24";"Não";"220561";"https://dadosabertos.camara.leg.br/api/v2/deputados/220561";"Delegada Katarina";"PSD";"https://dadosabertos.camara.leg.br/api/v2/partidos/36834";"SE";"57";"https://www.camara.leg.br/internet/deputado/bandep/220561.jpg"
"2563330-59";"https://dadosabertos.camara.leg.br/api/v2/votacoes/2563330-59";"2026-03-17T23:10:55";"Não";"220642";"https://dadosabertos.camara.leg.br/api/v2/deputados/220642";"Delegado Bruno Lima";"PP";"https://dadosabertos.camara.leg.br/api/v2/partidos/37903";"SP";"57";"https://www.camara.leg.br/internet/deputado/bandep/220642.jpg"
"2563330-59";"https://dadosabertos.camara.leg.br/api/v2/votacoes/2563330-59";"2026-03-17T23:11:45";"Obstrução";"220673";"https://dadosabertos.camara.leg.br/api/v2/deputados/220673";"Delegado Caveira";"PL";"https://dadosabertos.camara.leg.br/api/v2/partidos/37906";"PA";"57";"https://www.camara.leg.br/internet/deputado/bandep/220673.jpg"
"2563330-59";"https://dadosabertos.camara.leg.br/api/v2/votacoes/2563330-59";"2026-03-17T23:19:24";"Sim";"220583";"https://dadosabertos.camara.leg.br/api/v2/deputados/220583";"Delegado Fabio Costa";"PP";"https://dadosabertos.camara.leg.br/api/v2/partidos/37903";"AL";"57";"https://www.camara.leg.br/internet/deputado/bandep/220583.jpg"
"2563330-59";"https://dadosabertos.camara.leg.br/api/v2/votacoes/2563330-59";"2026-03-17T23:12:20";"Não";"204512";"https://dadosabertos.camara.leg.br/api/v2/deputados/204512";"Delegado Marcelo Freitas";"UNIÃO";"https://dadosabertos.camara.leg.br/api/v2/partidos/38009";"MG";"57";"https://www.camara.leg.br/internet/deputado/bandep/204512.jpg"
"2563330-59";"https://dadosabertos.camara.leg.br/api/v2/votacoes/2563330-59";"2026-03-17T23:12:05";"Não";"220701";"https://dadosabertos.camara.leg.br/api/v2/deputados/220701";"Delegado Matheus Laiola";"UNIÃO";"https://dadosabertos.camara.leg.br/api/v2/partidos/38009";"PR";"57";"https://www.camara.leg.br/internet/deputado/bandep/220701.jpg"
"2563330-59";"https://dadosabertos.camara.leg.br/api/v2/votacoes/2563330-59";"2026-03-17T23:10:15";"Sim";"220652";"https://dadosabertos.camara.leg.br/api/v2/deputados/220652";"Delegado Palumbo";"MDB";"https://dadosabertos.camara.leg.br/api/v2/partidos/36899";"SP";"57";"https://www.camara.leg.br/internet/deputado/bandep/220652.jpg"
"2563330-59";"https://dadosabertos.camara.leg.br/api/v2/votacoes/2563330-59";"2026-03-17T23:14:14";"Sim";"220654";"https://dadosabertos.camara.leg.br/api/v2/deputados/220654";"Delegado Paulo Bilynskyj";"PL";"https://dadosabertos.camara.leg.br/api/v2/partidos/37906";"SP";"57";"https://www.camara.leg.br/internet/deputado/bandep/220654.jpg"
"2563330-59";"https://dadosabertos.camara.leg.br/api/v2/votacoes/2563330-59";"2026-03-17T23:10:26";"Não";"220553";"https://dadosabertos.camara.leg.br/api/v2/deputados/220553";"Denise Pessôa";"PT";"https://dadosabertos.camara.leg.br/api/v2/partidos/36844";"RS";"57";"https://www.camara.leg.br/internet/deputado/bandep/220553.jpg"
"2563330-59";"https://dadosabertos.camara.leg.br/api/v2/votacoes/2563330-59";"2026-03-17T23:11:08";"Não";"220691";"https://dadosabertos.camara.leg.br/api/v2/deputados/220691";"Diego Coronel";"PSD";"https://dadosabertos.camara.leg.br/api/v2/partidos/36834";"BA";"57";"https://www.camara.leg.br/internet/deputado/bandep/220691.jpg"
"2563330-59";"https://dadosabertos.camara.leg.br/api/v2/votacoes/2563330-59";"2026-03-17T23:14:38";"Sim";"178929";"https://dadosabertos.camara.leg.br/api/v2/deputados/178929";"Diego Garcia";"REPUBLICANOS";"https://dadosabertos.camara.leg.br/api/v2/partidos/37908";"PR";"57";"https://www.camara.leg.br/internet/deputado/bandep/178929.jpg"
"2563330-59";"https://dadosabertos.camara.leg.br/api/v2/votacoes/2563330-59";"2026-03-17T23:10:51";"Não";"73768";"https://dadosabertos.camara.leg.br/api/v2/deputados/73768";"Dilceu Sperafico";"PP";"https://dadosabertos.camara.leg.br/api/v2/partidos/37903";"PR";"57";"https://www.camara.leg.br/internet/deputado/bandep/73768.jpg"
"2563330-59";"https://dadosabertos.camara.leg.br/api/v2/votacoes/2563330-59";"2026-03-17T23:11:27";"Não";"220671";"https://dadosabertos.camara.leg.br/api/v2/deputados/220671";"Dilvanda Faro";"PT";"https://dadosabertos.camara.leg.br/api/v2/partidos/36844";"PA";"57";"https://www.camara.leg.br/internet/deputado/bandep/220671.jpg"
"2563330-59";"https://dadosabertos.camara.leg.br/api/v2/votacoes/2563330-59";"2026-03-17T23:14:58";"Não";"160599";"https://dadosabertos.camara.leg.br/api/v2/deputados/160599";"Dimas Fabiano";"PP";"https://dadosabertos.camara.leg.br/api/v2/partidos/37903";"MG";"57";"https://www.camara.leg.br/internet/deputado/bandep/160599.jpg"
"2563330-59";"https://dadosabertos.camara.leg.br/api/v2/votacoes/2563330-59";"2026-03-17T23:11:37";"Não";"220602";"https://dadosabertos.camara.leg.br/api/v2/deputados/220602";"Dimas Gadelha";"PT";"https://dadosabertos.camara.leg.br/api/v2/partidos/36844";"RJ";"57";"https://www.camara.leg.br/internet/deputado/bandep/220602.jpg"
"2563330-59";"https://dadosabertos.camara.leg.br/api/v2/votacoes/2563330-59";"2026-03-17T23:15:40";"Não";"143632";"https://dadosabertos.camara.leg.br/api/v2/deputados/143632";"Domingos Neto";"PSD";"https://dadosabertos.camara.leg.br/api/v2/partidos/36834";"CE";"57";"https://www.camara.leg.br/internet/deputado/bandep/143632.jpg"
"2563330-59";"https://dadosabertos.camara.leg.br/api/v2/votacoes/2563330-59";"2026-03-17T23:15:17";"Sim";"160758";"https://dadosabertos.camara.leg.br/api/v2/deputados/160758";"Domingos Sávio";"PL";"https://dadosabertos.camara.leg.br/api/v2/partidos/37906";"MG";"57";"https://www.camara.leg.br/internet/deputado/bandep/160758.jpg"
"2563330-59";"https://dadosabertos.camara.leg.br/api/v2/votacoes/2563330-59";"2026-03-17T23:11:34";"Não";"220573";"https://dadosabertos.camara.leg.br/api/v2/deputados/220573";"Dorinaldo Malafaia";"PDT";"https://dadosabertos.camara.leg.br/api/v2/partidos/36786";"AP";"57";"https://www.camara.leg.br/internet/deputado/bandep/220573.jpg"
"2563330-59";"https://dadosabertos.camara.leg.br/api/v2/votacoes/2563330-59";"2026-03-17T23:18:37";"Sim";"227991";"https://dadosabertos.camara.leg.br/api/v2/deputados/227991";"Dr Flávio";"PL";"https://dadosabertos.camara.leg.br/api/v2/partidos/37906";"RJ";"57";"https://www.camara.leg.br/internet/deputado/bandep/227991.jpg"
"2563330-59";"https://dadosabertos.camara.leg.br/api/v2/votacoes/2563330-59";"2026-03-17T23:13:13";"Sim";"220610";"https://dadosabertos.camara.leg.br/api/v2/deputados/220610";"Dr. Fernando Máximo";"UNIÃO";"https://dadosabertos.camara.leg.br/api/v2/partidos/38009";"RO";"57";"https://www.camara.leg.br/internet/deputado/bandep/220610.jpg"
"2563330-59";"https://dadosabertos.camara.leg.br/api/v2/votacoes/2563330-59";"2026-03-17T23:11:59";"Não";"220688";"https://dadosabertos.camara.leg.br/api/v2/deputados/220688";"Dr. Francisco";"PT";"https://dadosabertos.camara.leg.br/api/v2/partidos/36844";"PI";"57";"https://www.camara.leg.br/internet/deputado/bandep/220688.jpg"
"2563330-59";"https://dadosabertos.camara.leg.br/api/v2/votacoes/2563330-59";"2026-03-17T23:16:29";"Sim";"204518";"https://dadosabertos.camara.leg.br/api/v2/deputados/204518";"Dr. Frederico";"PRD";"https://dadosabertos.camara.leg.br/api/v2/partidos/38010";"MG";"57";"https://www.camara.leg.br/internet/deputado/bandep/204518.jpg"
"2563330-59";"https://dadosabertos.camara.leg.br/api/v2/votacoes/2563330-59";"2026-03-17T23:13:11";"Obstrução";"204481";"https://dadosabertos.camara.leg.br/api/v2/deputados/204481";"Dr. Jaziel";"PL";"https://dadosabertos.camara.leg.br/api/v2/partidos/37906";"CE";"57";"https://www.camara.leg.br/internet/deputado/bandep/204481.jpg"
"2563330-59";"https://dadosabertos.camara.leg.br/api/v2/votacoes/2563330-59";"2026-03-17T23:11:04";"Sim";"204351";"https://dadosabertos.camara.leg.br/api/v2/deputados/204351";"Dr. Luiz Ovando";"PP";"https://dadosabertos.camara.leg.br/api/v2/partidos/37903";"MS";"57";"https://www.camara.leg.br/internet/deputado/bandep/204351.jpg"
"2563330-59";"https://dadosabertos.camara.leg.br/api/v2/votacoes/2563330-59";"2026-03-17T23:12:53";"Sim";"204412";"https://dadosabertos.camara.leg.br/api/v2/deputados/204412";"Dr. Zacharias Calil";"UNIÃO";"https://dadosabertos.camara.leg.br/api/v2/partidos/38009";"GO";"57";"https://www.camara.leg.br/internet/deputado/bandep/204412.jpg"
"2563330-59";"https://dadosabertos.camara.leg.br/api/v2/votacoes/2563330-59";"2026-03-17T23:11:31";"Sim";"220686";"https://dadosabertos.camara.leg.br/api/v2/deputados/220686";"Duarte Jr.";"PSB";"https://dadosabertos.camara.leg.br/api/v2/partidos/36832";"MA";"57";"https://www.camara.leg.br/internet/deputado/bandep/220686.jpg"
"2563330-59";"https://dadosabertos.camara.leg.br/api/v2/votacoes/2563330-59";"2026-03-17T23:11:39";"Não";"220623";"https://dadosabertos.camara.leg.br/api/v2/deputados/220623";"Duda Salabert";"PDT";"https://dadosabertos.camara.leg.br/api/v2/partidos/36786";"MG";"57";"https://www.camara.leg.br/internet/deputado/bandep/220623.jpg"
"2563330-59";"https://dadosabertos.camara.leg.br/api/v2/votacoes/2563330-59";"2026-03-17T23:12:18";"Não";"141421";"https://dadosabertos.camara.leg.br/api/v2/deputados/141421";"Eduardo da Fonte";"PP";"https://dadosabertos.camara.leg.br/api/v2/partidos/37903";"PE";"57";"https://www.camara.leg.br/internet/deputado/bandep/141421.jpg"
"2563330-59";"https://dadosabertos.camara.leg.br/api/v2/votacoes/2563330-59";"2026-03-17T23:15:01";"Sim";"220589";"https://dadosabertos.camara.leg.br/api/v2/deputados/220589";"Eduardo Velloso";"UNIÃO";"https://dadosabertos.camara.leg.br/api/v2/partidos/38009";"AC";"57";"https://www.camara.leg.br/internet/deputado/bandep/220589.jpg"
"2563330-59";"https://dadosabertos.camara.leg.br/api/v2/votacoes/2563330-59";"2026-03-17T23:16:04";"Sim";"204364";"https://dadosabertos.camara.leg.br/api/v2/deputados/204364";"Eli Borges";"PL";"https://dadosabertos.camara.leg.br/api/v2/partidos/37906";"TO";"57";"https://www.camara.leg.br/internet/deputado/bandep/204364.jpg"
"2563330-59";"https://dadosabertos.camara.leg.br/api/v2/votacoes/2563330-59";"2026-03-17T23:10:49";"Não";"229585";"https://dadosabertos.camara.leg.br/api/v2/deputados/229585";"Elisangela Araujo";"PT";"https://dadosabertos.camara.leg.br/api/v2/partidos/36844";"BA";"57";"https://www.camara.leg.br/internet/deputado/bandep/229585.jpg"
"2563330-59";"https://dadosabertos.camara.leg.br/api/v2/votacoes/2563330-59";"2026-03-17T23:14:30";"Não";"178854";"https://dadosabertos.camara.leg.br/api/v2/deputados/178854";"Elmar Nascimento";"UNIÃO";"https://dadosabertos.camara.leg.br/api/v2/partidos/38009";"BA";"57";"https://www.camara.leg.br/internet/deputado/bandep/178854.jpg"
"2563330-59";"https://dadosabertos.camara.leg.br/api/v2/votacoes/2563330-59";"2026-03-17T23:15:05";"Não";"218086";"https://dadosabertos.camara.leg.br/api/v2/deputados/218086";"Ely Santos";"REPUBLICANOS";"https://dadosabertos.camara.leg.br/api/v2/partidos/37908";"SP";"57";"https://www.camara.leg.br/internet/deputado/bandep/218086.jpg"
"2563330-59";"https://dadosabertos.camara.leg.br/api/v2/votacoes/2563330-59";"2026-03-17T23:12:39";"Não";"198783";"https://dadosabertos.camara.leg.br/api/v2/deputados/198783";"Emanuel Pinheiro Neto";"MDB";"https://dadosabertos.camara.leg.br/api/v2/partidos/36899";"MT";"57";"https://www.camara.leg.br/internet/deputado/bandep/198783.jpg"
"2563330-59";"https://dadosabertos.camara.leg.br/api/v2/votacoes/2563330-59";"2026-03-17T23:11:04";"Não";"230765";"https://dadosabertos.camara.leg.br/api/v2/deputados/230765";"Enfermeira Rejane";"PCdoB";"https://dadosabertos.camara.leg.br/api/v2/partidos/36779";"RJ";"57";"https://www.camara.leg.br/internet/deputado/bandep/230765.jpg"
"2563330-59";"https://dadosabertos.camara.leg.br/api/v2/votacoes/2563330-59";"2026-03-17T23:11:20";"Não";"220663";"https://dadosabertos.camara.leg.br/api/v2/deputados/220663";"Eriberto Medeiros";"PSB";"https://dadosabertos.camara.leg.br/api/v2/partidos/36832";"PE";"57";"https://www.camara.leg.br/internet/deputado/bandep/220663.jpg"
"2563330-59";"https://dadosabertos.camara.leg.br/api/v2/votacoes/2563330-59";"2026-03-17T23:11:18";"Não";"220645";"https://dadosabertos.camara.leg.br/api/v2/deputados/220645";"Erika Hilton";"PSOL";"https://dadosabertos.camara.leg.br/api/v2/partidos/36839";"SP";"57";"https://www.camara.leg.br/internet/deputado/bandep/220645.jpg"
"2563330-59";"https://dadosabertos.camara.leg.br/api/v2/votacoes/2563330-59";"2026-03-17T23:12:34";"Não";"160575";"https://dadosabertos.camara.leg.br/api/v2/deputados/160575";"Erika Kokay";"PT";"https://dadosabertos.camara.leg.br/api/v2/partidos/36844";"DF";"57";"https://www.camara.leg.br/internet/deputado/bandep/160575.jpg"
"2563330-59";"https://dadosabertos.camara.leg.br/api/v2/votacoes/2563330-59";"2026-03-17T23:15:34";"Sim";"160640";"https://dadosabertos.camara.leg.br/api/v2/deputados/160640";"Eros Biondini";"PL";"https://dadosabertos.camara.leg.br/api/v2/partidos/37906";"MG";"57";"https://www.camara.leg.br/internet/deputado/bandep/160640.jpg"
"2563330-59";"https://dadosabertos.camara.leg.br/api/v2/votacoes/2563330-59";"2026-03-17T23:12:36";"Não";"204482";"https://dadosabertos.camara.leg.br/api/v2/deputados/204482";"Euclydes Pettersen";"REPUBLICANOS";"https://dadosabertos.camara.leg.br/api/v2/partidos/37908";"MG";"57";"https://www.camara.leg.br/internet/deputado/bandep/204482.jpg"
"2563330-59";"https://dadosabertos.camara.leg.br/api/v2/votacoes/2563330-59";"2026-03-17T23:15:38";"Sim";"178871";"https://dadosabertos.camara.leg.br/api/v2/deputados/178871";"Evair Vieira de Melo";"PP";"https://dadosabertos.camara.leg.br/api/v2/partidos/37903";"ES";"57";"https://www.camara.leg.br/internet/deputado/bandep/178871.jpg"
"2563330-59";"https://dadosabertos.camara.leg.br/api/v2/votacoes/2563330-59";"2026-03-17T23:12:00";"Não";"220681";"https://dadosabertos.camara.leg.br/api/v2/deputados/220681";"Fábio Macedo";"PODE";"https://dadosabertos.camara.leg.br/api/v2/partidos/36896";"MA";"57";"https://www.camara.leg.br/internet/deputado/bandep/220681.jpg"
"2563330-59";"https://dadosabertos.camara.leg.br/api/v2/votacoes/2563330-59";"2026-03-17T23:10:48";"Não";"171623";"https://dadosabertos.camara.leg.br/api/v2/deputados/171623";"Fabio Reis";"PSD";"https://dadosabertos.camara.leg.br/api/v2/partidos/36834";"SE";"57";"https://www.camara.leg.br/internet/deputado/bandep/171623.jpg"
"2563330-59";"https://dadosabertos.camara.leg.br/api/v2/votacoes/2563330-59";"2026-03-17T23:11:57";"Sim";"204368";"https://dadosabertos.camara.leg.br/api/v2/deputados/204368";"Fabio Schiochet";"UNIÃO";"https://dadosabertos.camara.leg.br/api/v2/partidos/38009";"SC";"57";"https://www.camara.leg.br/internet/deputado/bandep/204368.jpg"
"2563330-59";"https://dadosabertos.camara.leg.br/api/v2/votacoes/2563330-59";"2026-03-17T23:17:52";"Sim";"220653";"https://dadosabertos.camara.leg.br/api/v2/deputados/220653";"Fábio Teruel";"MDB";"https://dadosabertos.camara.leg.br/api/v2/partidos/36899";"SP";"57";"https://www.camara.leg.br/internet/deputado/bandep/220653.jpg"
"2563330-59";"https://dadosabertos.camara.leg.br/api/v2/votacoes/2563330-59";"2026-03-17T23:12:11";"Não";"74065";"https://dadosabertos.camara.leg.br/api/v2/deputados/74065";"Fatima Pelaes";"REPUBLICANOS";"https://dadosabertos.camara.leg.br/api/v2/partidos/37908";"AP";"57";"https://www.camara.leg.br/internet/deputado/bandep/74065.jpg"
"2563330-59";"https://dadosabertos.camara.leg.br/api/v2/votacoes/2563330-59";"2026-03-17T23:12:19";"Não";"220712";"https://dadosabertos.camara.leg.br/api/v2/deputados/220712";"Fausto Jr.";"UNIÃO";"https://dadosabertos.camara.leg.br/api/v2/partidos/38009";"AM";"57";"https://www.camara.leg.br/internet/deputado/bandep/220712.jpg"
"2563330-59";"https://dadosabertos.camara.leg.br/api/v2/votacoes/2563330-59";"2026-03-17T23:11:24";"Não";"66828";"https://dadosabertos.camara.leg.br/api/v2/deputados/66828";"Fausto Pinato";"PP";"https://dadosabertos.camara.leg.br/api/v2/partidos/37903";"SP";"57";"https://www.camara.leg.br/internet/deputado/bandep/66828.jpg"
"2563330-59";"https://dadosabertos.camara.leg.br/api/v2/votacoes/2563330-59";"2026-03-17T23:13:43";"Não";"220646";"https://dadosabertos.camara.leg.br/api/v2/deputados/220646";"Felipe Becari";"UNIÃO";"https://dadosabertos.camara.leg.br/api/v2/partidos/38009";"SP";"57";"https://www.camara.leg.br/internet/deputado/bandep/220646.jpg"
"2563330-59";"https://dadosabertos.camara.leg.br/api/v2/votacoes/2563330-59";"2026-03-17T23:11:01";"Não";"72442";"https://dadosabertos.camara.leg.br/api/v2/deputados/72442";"Felipe Carreras";"PSB";"https://dadosabertos.camara.leg.br/api/v2/partidos/36832";"PE";"57";"https://www.camara.leg.br/internet/deputado/bandep/72442.jpg"
"2563330-59";"https://dadosabertos.camara.leg.br/api/v2/votacoes/2563330-59";"2026-03-17T23:11:04";"Sim";"204398";"https://dadosabertos.camara.leg.br/api/v2/deputados/204398";"Felipe Francischini";"UNIÃO";"https://dadosabertos.camara.leg.br/api/v2/partidos/38009";"PR";"57";"https://www.camara.leg.br/internet/deputado/bandep/204398.jpg"
"2563330-59";"https://dadosabertos.camara.leg.br/api/v2/votacoes/2563330-59";"2026-03-17T23:11:28";"Não";"160666";"https://dadosabertos.camara.leg.br/api/v2/deputados/160666";"Félix Mendonça Júnior";"PDT";"https://dadosabertos.camara.leg.br/api/v2/partidos/36786";"BA";"57";"https://www.camara.leg.br/internet/deputado/bandep/160666.jpg"
"2563330-59";"https://dadosabertos.camara.leg.br/api/v2/votacoes/2563330-59";"2026-03-17T23:11:13";"Não";"204407";"https://dadosabertos.camara.leg.br/api/v2/deputados/204407";"Fernanda Melchionna";"PSOL";"https://dadosabertos.camara.leg.br/api/v2/partidos/36839";"RS";"57";"https://www.camara.leg.br/internet/deputado/bandep/204407.jpg"
"2563330-59";"https://dadosabertos.camara.leg.br/api/v2/votacoes/2563330-59";"2026-03-17T23:11:33";"Não";"141431";"https://dadosabertos.camara.leg.br/api/v2/deputados/141431";"Fernando Coelho Filho";"UNIÃO";"https://dadosabertos.camara.leg.br/api/v2/partidos/38009";"PE";"57";"https://www.camara.leg.br/internet/deputado/bandep/141431.jpg"
"2563330-59";"https://dadosabertos.camara.leg.br/api/v2/votacoes/2563330-59";"2026-03-17T23:13:00";"Não";"204445";"https://dadosabertos.camara.leg.br/api/v2/deputados/204445";"Fernando Mineiro";"PT";"https://dadosabertos.camara.leg.br/api/v2/partidos/36844";"RN";"57";"https://www.camara.leg.br/internet/deputado/bandep/204445.jpg"
"2563330-59";"https://dadosabertos.camara.leg.br/api/v2/votacoes/2563330-59";"2026-03-17T23:11:30";"Não";"92699";"https://dadosabertos.camara.leg.br/api/v2/deputados/92699";"Fernando Monteiro";"PSD";"https://dadosabertos.camara.leg.br/api/v2/partidos/36834";"PE";"57";"https://www.camara.leg.br/internet/deputado/bandep/92699.jpg"
"2563330-59";"https://dadosabertos.camara.leg.br/api/v2/votacoes/2563330-59";"2026-03-17T23:16:36";"Abstenção";"204427";"https://dadosabertos.camara.leg.br/api/v2/deputados/204427";"Fernando Rodolfo";"PL";"https://dadosabertos.camara.leg.br/api/v2/partidos/37906";"PE";"57";"https://www.camara.leg.br/internet/deputado/bandep/204427.jpg"
"2563330-59";"https://dadosabertos.camara.leg.br/api/v2/votacoes/2563330-59";"2026-03-17T23:16:29";"Sim";"204411";"https://dadosabertos.camara.leg.br/api/v2/deputados/204411";"Filipe Barros";"PL";"https://dadosabertos.camara.leg.br/api/v2/partidos/37906";"PR";"57";"https://www.camara.leg.br/internet/deputado/bandep/204411.jpg"
"2563330-59";"https://dadosabertos.camara.leg.br/api/v2/votacoes/2563330-59";"2026-03-17T23:15:19";"Sim";"220545";"https://dadosabertos.camara.leg.br/api/v2/deputados/220545";"Filipe Martins";"PL";"https://dadosabertos.camara.leg.br/api/v2/partidos/37906";"TO";"57";"https://www.camara.leg.br/internet/deputado/bandep/220545.jpg"
"2563330-59";"https://dadosabertos.camara.leg.br/api/v2/votacoes/2563330-59";"2026-03-17T23:11:57";"Não";"191923";"https://dadosabertos.camara.leg.br/api/v2/deputados/191923";"Flávio Nogueira";"PT";"https://dadosabertos.camara.leg.br/api/v2/partidos/36844";"PI";"57";"https://www.camara.leg.br/internet/deputado/bandep/191923.jpg"
"2563330-59";"https://dadosabertos.camara.leg.br/api/v2/votacoes/2563330-59";"2026-03-17T23:18:18";"Não";"204494";"https://dadosabertos.camara.leg.br/api/v2/deputados/204494";"Fred Costa";"PRD";"https://dadosabertos.camara.leg.br/api/v2/partidos/38010";"MG";"57";"https://www.camara.leg.br/internet/deputado/bandep/204494.jpg"
"2563330-59";"https://dadosabertos.camara.leg.br/api/v2/votacoes/2563330-59";"2026-03-17T23:11:46";"Não";"220534";"https://dadosabertos.camara.leg.br/api/v2/deputados/220534";"Fred Linhares";"REPUBLICANOS";"https://dadosabertos.camara.leg.br/api/v2/partidos/37908";"DF";"57";"https://www.camara.leg.br/internet/deputado/bandep/220534.jpg"
"2563330-59";"https://dadosabertos.camara.leg.br/api/v2/votacoes/2563330-59";"2026-03-17T23:11:17";"Não";"224117";"https://dadosabertos.camara.leg.br/api/v2/deputados/224117";"Gabriel Mota";"REPUBLICANOS";"https://dadosabertos.camara.leg.br/api/v2/partidos/37908";"RR";"57";"https://www.camara.leg.br/internet/deputado/bandep/224117.jpg"
"2563330-59";"https://dadosabertos.camara.leg.br/api/v2/votacoes/2563330-59";"2026-03-17T23:12:58";"Não";"220708";"https://dadosabertos.camara.leg.br/api/v2/deputados/220708";"Gabriel Nunes";"PSD";"https://dadosabertos.camara.leg.br/api/v2/partidos/36834";"BA";"57";"https://www.camara.leg.br/internet/deputado/bandep/220708.jpg"
"2563330-59";"https://dadosabertos.camara.leg.br/api/v2/votacoes/2563330-59";"2026-03-17T23:15:15";"Sim";"204473";"https://dadosabertos.camara.leg.br/api/v2/deputados/204473";"General Girão";"PL";"https://dadosabertos.camara.leg.br/api/v2/partidos/37906";"RN";"57";"https://www.camara.leg.br/internet/deputado/bandep/204473.jpg"
"2563330-59";"https://dadosabertos.camara.leg.br/api/v2/votacoes/2563330-59";"2026-03-17T23:16:24";"Sim";"220611";"https://dadosabertos.camara.leg.br/api/v2/deputados/220611";"General Pazuello";"PL";"https://dadosabertos.camara.leg.br/api/v2/partidos/37906";"RJ";"57";"https://www.camara.leg.br/internet/deputado/bandep/220611.jpg"
"2563330-59";"https://dadosabertos.camara.leg.br/api/v2/votacoes/2563330-59";"2026-03-17T23:14:58";"Sim";"178966";"https://dadosabertos.camara.leg.br/api/v2/deputados/178966";"Geovania de Sá";"PSDB";"https://dadosabertos.camara.leg.br/api/v2/partidos/36835";"SC";"57";"https://www.camara.leg.br/internet/deputado/bandep/178966.jpg"
"2563330-59";"https://dadosabertos.camara.leg.br/api/v2/votacoes/2563330-59";"2026-03-17T23:10:58";"Não";"74374";"https://dadosabertos.camara.leg.br/api/v2/deputados/74374";"Geraldo Resende";"PSDB";"https://dadosabertos.camara.leg.br/api/v2/partidos/36835";"MS";"57";"https://www.camara.leg.br/internet/deputado/bandep/74374.jpg"
"2563330-59";"https://dadosabertos.camara.leg.br/api/v2/votacoes/2563330-59";"2026-03-17T23:11:49";"Não";"204394";"https://dadosabertos.camara.leg.br/api/v2/deputados/204394";"Gervásio Maia";"PSB";"https://dadosabertos.camara.leg.br/api/v2/partidos/36832";"PB";"57";"https://www.camara.leg.br/internet/deputado/bandep/204394.jpg"
"2563330-59";"https://dadosabertos.camara.leg.br/api/v2/votacoes/2563330-59";"2026-03-17T23:13:40";"Obstrução";"74383";"https://dadosabertos.camara.leg.br/api/v2/deputados/74383";"Giacobo";"PL";"https://dadosabertos.camara.leg.br/api/v2/partidos/37906";"PR";"57";"https://www.camara.leg.br/internet/deputado/bandep/74383.jpg"
"2563330-59";"https://dadosabertos.camara.leg.br/api/v2/votacoes/2563330-59";"2026-03-17T23:13:52";"Não";"220529";"https://dadosabertos.camara.leg.br/api/v2/deputados/220529";"Gilson Daniel";"PODE";"https://dadosabertos.camara.leg.br/api/v2/partidos/36896";"ES";"57";"https://www.camara.leg.br/internet/deputado/bandep/220529.jpg"
"2563330-59";"https://dadosabertos.camara.leg.br/api/v2/votacoes/2563330-59";"2026-03-17T23:16:29";"Sim";"204365";"https://dadosabertos.camara.leg.br/api/v2/deputados/204365";"Gilson Marques";"NOVO";"https://dadosabertos.camara.leg.br/api/v2/partidos/37901";"SC";"57";"https://www.camara.leg.br/internet/deputado/bandep/204365.jpg"
"2563330-59";"https://dadosabertos.camara.leg.br/api/v2/votacoes/2563330-59";"2026-03-17T23:17:05";"Sim";"160673";"https://dadosabertos.camara.leg.br/api/v2/deputados/160673";"Giovani Cherini";"PL";"https://dadosabertos.camara.leg.br/api/v2/partidos/37906";"RS";"57";"https://www.camara.leg.br/internet/deputado/bandep/160673.jpg"
"2563330-59";"https://dadosabertos.camara.leg.br/api/v2/votacoes/2563330-59";"2026-03-17T23:12:25";"Não";"226179";"https://dadosabertos.camara.leg.br/api/v2/deputados/226179";"Gisela Simona";"UNIÃO";"https://dadosabertos.camara.leg.br/api/v2/partidos/38009";"MT";"57";"https://www.camara.leg.br/internet/deputado/bandep/226179.jpg"
"2563330-59";"https://dadosabertos.camara.leg.br/api/v2/votacoes/2563330-59";"2026-03-17T23:16:14";"Sim";"198197";"https://dadosabertos.camara.leg.br/api/v2/deputados/198197";"Greyce Elias";"AVANTE";"https://dadosabertos.camara.leg.br/api/v2/partidos/36898";"MG";"57";"https://www.camara.leg.br/internet/deputado/bandep/198197.jpg"
"2563330-59";"https://dadosabertos.camara.leg.br/api/v2/votacoes/2563330-59";"2026-03-17T23:15:12";"Sim";"220568";"https://dadosabertos.camara.leg.br/api/v2/deputados/220568";"Gustavo Gayer";"PL";"https://dadosabertos.camara.leg.br/api/v2/partidos/37906";"GO";"57";"https://www.camara.leg.br/internet/deputado/bandep/220568.jpg"
"2563330-59";"https://dadosabertos.camara.leg.br/api/v2/votacoes/2563330-59";"2026-03-17T23:16:05";"Não";"204408";"https://dadosabertos.camara.leg.br/api/v2/deputados/204408";"Gustinho Ribeiro";"REPUBLICANOS";"https://dadosabertos.camara.leg.br/api/v2/partidos/37908";"SE";"57";"https://www.camara.leg.br/internet/deputado/bandep/204408.jpg"
"2563330-59";"https://dadosabertos.camara.leg.br/api/v2/votacoes/2563330-59";"2026-03-17T23:12:01";"Abstenção";"204456";"https://dadosabertos.camara.leg.br/api/v2/deputados/204456";"Gutemberg Reis";"MDB";"https://dadosabertos.camara.leg.br/api/v2/partidos/36899";"RJ";"57";"https://www.camara.leg.br/internet/deputado/bandep/204456.jpg"
"2563330-59";"https://dadosabertos.camara.leg.br/api/v2/votacoes/2563330-59";"2026-03-17T23:15:28";"Sim";"220537";"https://dadosabertos.camara.leg.br/api/v2/deputados/220537";"Helena Lima";"MDB";"https://dadosabertos.camara.leg.br/api/v2/partidos/36899";"RR";"57";"https://www.camara.leg.br/internet/deputado/bandep/220537.jpg"
"2563330-59";"https://dadosabertos.camara.leg.br/api/v2/votacoes/2563330-59";"2026-03-17T23:17:14";"Sim";"204444";"https://dadosabertos.camara.leg.br/api/v2/deputados/204444";"Helio Lopes";"PL";"https://dadosabertos.camara.leg.br/api/v2/partidos/37906";"RJ";"57";"https://www.camara.leg.br/internet/deputado/bandep/204444.jpg"
"2563330-59";"https://dadosabertos.camara.leg.br/api/v2/votacoes/2563330-59";"2026-03-17T23:16:22";"Não";"178884";"https://dadosabertos.camara.leg.br/api/v2/deputados/178884";"Hildo Rocha";"MDB";"https://dadosabertos.camara.leg.br/api/v2/partidos/36899";"MA";"57";"https://www.camara.leg.br/internet/deputado/bandep/178884.jpg"
"2563330-59";"https://dadosabertos.camara.leg.br/api/v2/votacoes/2563330-59";"2026-03-17T23:13:23";"Artigo 17";"160674";"https://dadosabertos.camara.leg.br/api/v2/deputados/160674";"Hugo Motta";"REPUBLICANOS";"https://dadosabertos.camara.leg.br/api/v2/partidos/37908";"PB";"57";"https://www.camara.leg.br/internet/deputado/bandep/160674.jpg"
"2563330-59";"https://dadosabertos.camara.leg.br/api/v2/votacoes/2563330-59";"2026-03-17T23:14:24";"Não";"220563";"https://dadosabertos.camara.leg.br/api/v2/deputados/220563";"Icaro de Valmir";"PL";"https://dadosabertos.camara.leg.br/api/v2/partidos/37906";"SE";"57";"https://www.camara.leg.br/internet/deputado/bandep/220563.jpg"
"2563330-59";"https://dadosabertos.camara.leg.br/api/v2/votacoes/2563330-59";"2026-03-17T23:13:33";"Não";"204508";"https://dadosabertos.camara.leg.br/api/v2/deputados/204508";"Igor Timo";"PSD";"https://dadosabertos.camara.leg.br/api/v2/partidos/36834";"MG";"57";"https://www.camara.leg.br/internet/deputado/bandep/204508.jpg"
"2563330-59";"https://dadosabertos.camara.leg.br/api/v2/votacoes/2563330-59";"2026-03-17T23:14:52";"Não";"98615";"https://dadosabertos.camara.leg.br/api/v2/deputados/98615";"Ismael";"PSD";"https://dadosabertos.camara.leg.br/api/v2/partidos/36834";"SC";"57";"https://www.camara.leg.br/internet/deputado/bandep/98615.jpg"
"2563330-59";"https://dadosabertos.camara.leg.br/api/v2/votacoes/2563330-59";"2026-03-17T23:12:29";"Não";"204436";"https://dadosabertos.camara.leg.br/api/v2/deputados/204436";"Isnaldo Bulhões Jr.";"MDB";"https://dadosabertos.camara.leg.br/api/v2/partidos/36899";"AL";"57";"https://www.camara.leg.br/internet/deputado/bandep/204436.jpg"
"2563330-59";"https://dadosabertos.camara.leg.br/api/v2/votacoes/2563330-59";"2026-03-17T23:11:41";"Não";"73531";"https://dadosabertos.camara.leg.br/api/v2/deputados/73531";"Ivan Valente";"PSOL";"https://dadosabertos.camara.leg.br/api/v2/partidos/36839";"SP";"57";"https://www.camara.leg.br/internet/deputado/bandep/73531.jpg"
"2563330-59";"https://dadosabertos.camara.leg.br/api/v2/votacoes/2563330-59";"2026-03-17T23:13:02";"Não";"220696";"https://dadosabertos.camara.leg.br/api/v2/deputados/220696";"Ivoneide Caetano";"PT";"https://dadosabertos.camara.leg.br/api/v2/partidos/36844";"BA";"57";"https://www.camara.leg.br/internet/deputado/bandep/220696.jpg"
"2563330-59";"https://dadosabertos.camara.leg.br/api/v2/votacoes/2563330-59";"2026-03-17T23:12:37";"Não";"220670";"https://dadosabertos.camara.leg.br/api/v2/deputados/220670";"Iza Arruda";"MDB";"https://dadosabertos.camara.leg.br/api/v2/partidos/36899";"PE";"57";"https://www.camara.leg.br/internet/deputado/bandep/220670.jpg"
"2563330-59";"https://dadosabertos.camara.leg.br/api/v2/votacoes/2563330-59";"2026-03-17T23:11:58";"Não";"220527";"https://dadosabertos.camara.leg.br/api/v2/deputados/220527";"Jack Rocha";"PT";"https://dadosabertos.camara.leg.br/api/v2/partidos/36844";"ES";"57";"https://www.camara.leg.br/internet/deputado/bandep/220527.jpg"
"2563330-59";"https://dadosabertos.camara.leg.br/api/v2/votacoes/2563330-59";"2026-03-17T23:13:29";"Não";"220697";"https://dadosabertos.camara.leg.br/api/v2/deputados/220697";"Jadyel Alencar";"REPUBLICANOS";"https://dadosabertos.camara.leg.br/api/v2/partidos/37908";"PI";"57";"https://www.camara.leg.br/internet/deputado/bandep/220697.jpg"
"2563330-59";"https://dadosabertos.camara.leg.br/api/v2/votacoes/2563330-59";"2026-03-17T23:12:30";"Não";"74848";"https://dadosabertos.camara.leg.br/api/v2/deputados/74848";"Jandira Feghali";"PCdoB";"https://dadosabertos.camara.leg.br/api/v2/partidos/36779";"RJ";"57";"https://www.camara.leg.br/internet/deputado/bandep/74848.jpg"
"2563330-59";"https://dadosabertos.camara.leg.br/api/v2/votacoes/2563330-59";"2026-03-17T23:12:24";"Não";"141458";"https://dadosabertos.camara.leg.br/api/v2/deputados/141458";"João Carlos Bacelar";"PL";"https://dadosabertos.camara.leg.br/api/v2/partidos/37906";"BA";"57";"https://www.camara.leg.br/internet/deputado/bandep/141458.jpg"
"2563330-59";"https://dadosabertos.camara.leg.br/api/v2/votacoes/2563330-59";"2026-03-17T23:10:39";"Não";"178970";"https://dadosabertos.camara.leg.br/api/v2/deputados/178970";"João Daniel";"PT";"https://dadosabertos.camara.leg.br/api/v2/partidos/36844";"SE";"57";"https://www.camara.leg.br/internet/deputado/bandep/178970.jpg"
"2563330-59";"https://dadosabertos.camara.leg.br/api/v2/votacoes/2563330-59";"2026-03-17T23:11:27";"Não";"74550";"https://dadosabertos.camara.leg.br/api/v2/deputados/74550";"João Leão";"PP";"https://dadosabertos.camara.leg.br/api/v2/partidos/37903";"BA";"57";"https://www.camara.leg.br/internet/deputado/bandep/74550.jpg"
"2563330-59";"https://dadosabertos.camara.leg.br/api/v2/votacoes/2563330-59";"2026-03-17T23:11:40";"Obstrução";"178910";"https://dadosabertos.camara.leg.br/api/v2/deputados/178910";"Joaquim Passarinho";"PL";"https://dadosabertos.camara.leg.br/api/v2/partidos/37906";"PA";"57";"https://www.camara.leg.br/internet/deputado/bandep/178910.jpg"
"2563330-59";"https://dadosabertos.camara.leg.br/api/v2/votacoes/2563330-59";"2026-03-17T23:10:30";"Não";"160548";"https://dadosabertos.camara.leg.br/api/v2/deputados/160548";"Jonas Donizette";"PSB";"https://dadosabertos.camara.leg.br/api/v2/partidos/36832";"SP";"57";"https://www.camara.leg.br/internet/deputado/bandep/160548.jpg"
"2563330-59";"https://dadosabertos.camara.leg.br/api/v2/votacoes/2563330-59";"2026-03-17T23:15:28";"Não";"205550";"https://dadosabertos.camara.leg.br/api/v2/deputados/205550";"Jorge Braz";"REPUBLICANOS";"https://dadosabertos.camara.leg.br/api/v2/partidos/37908";"RJ";"57";"https://www.camara.leg.br/internet/deputado/bandep/205550.jpg"
"2563330-59";"https://dadosabertos.camara.leg.br/api/v2/votacoes/2563330-59";"2026-03-17T23:13:26";"Não";"214694";"https://dadosabertos.camara.leg.br/api/v2/deputados/214694";"Jorge Goetten";"REPUBLICANOS";"https://dadosabertos.camara.leg.br/api/v2/partidos/37908";"SC";"57";"https://www.camara.leg.br/internet/deputado/bandep/214694.jpg"
"2563330-59";"https://dadosabertos.camara.leg.br/api/v2/votacoes/2563330-59";"2026-03-17T23:19:00";"Não";"178857";"https://dadosabertos.camara.leg.br/api/v2/deputados/178857";"Jorge Solla";"PT";"https://dadosabertos.camara.leg.br/api/v2/partidos/36844";"BA";"57";"https://www.camara.leg.br/internet/deputado/bandep/178857.jpg"
"2563330-59";"https://dadosabertos.camara.leg.br/api/v2/votacoes/2563330-59";"2026-03-17T23:11:11";"Não";"141470";"https://dadosabertos.camara.leg.br/api/v2/deputados/141470";"José Guimarães";"PT";"https://dadosabertos.camara.leg.br/api/v2/partidos/36844";"CE";"57";"https://www.camara.leg.br/internet/deputado/bandep/141470.jpg"
"2563330-59";"https://dadosabertos.camara.leg.br/api/v2/votacoes/2563330-59";"2026-03-17T23:16:31";"Sim";"204472";"https://dadosabertos.camara.leg.br/api/v2/deputados/204472";"José Medeiros";"PL";"https://dadosabertos.camara.leg.br/api/v2/partidos/37906";"MT";"57";"https://www.camara.leg.br/internet/deputado/bandep/204472.jpg"
"2563330-59";"https://dadosabertos.camara.leg.br/api/v2/votacoes/2563330-59";"2026-03-17T23:13:24";"Não";"204391";"https://dadosabertos.camara.leg.br/api/v2/deputados/204391";"José Nelto";"UNIÃO";"https://dadosabertos.camara.leg.br/api/v2/partidos/38009";"GO";"57";"https://www.camara.leg.br/internet/deputado/bandep/204391.jpg"
"2563330-59";"https://dadosabertos.camara.leg.br/api/v2/votacoes/2563330-59";"2026-03-17T23:11:59";"Não";"74554";"https://dadosabertos.camara.leg.br/api/v2/deputados/74554";"José Rocha";"UNIÃO";"https://dadosabertos.camara.leg.br/api/v2/partidos/38009";"BA";"57";"https://www.camara.leg.br/internet/deputado/bandep/74554.jpg"
"2563330-59";"https://dadosabertos.camara.leg.br/api/v2/votacoes/2563330-59";"2026-03-17T23:11:11";"Não";"209189";"https://dadosabertos.camara.leg.br/api/v2/deputados/209189";"Joseildo Ramos";"PT";"https://dadosabertos.camara.leg.br/api/v2/partidos/36844";"BA";"57";"https://www.camara.leg.br/internet/deputado/bandep/209189.jpg"
"2563330-59";"https://dadosabertos.camara.leg.br/api/v2/votacoes/2563330-59";"2026-03-17T23:13:21";"Não";"215043";"https://dadosabertos.camara.leg.br/api/v2/deputados/215043";"Josivaldo JP";"PSD";"https://dadosabertos.camara.leg.br/api/v2/partidos/36834";"MA";"57";"https://www.camara.leg.br/internet/deputado/bandep/215043.jpg"
"2563330-59";"https://dadosabertos.camara.leg.br/api/v2/votacoes/2563330-59";"2026-03-17T23:11:23";"Não";"204474";"https://dadosabertos.camara.leg.br/api/v2/deputados/204474";"Juarez Costa";"MDB";"https://dadosabertos.camara.leg.br/api/v2/partidos/36899";"MT";"57";"https://www.camara.leg.br/internet/deputado/bandep/204474.jpg"
"2563330-59";"https://dadosabertos.camara.leg.br/api/v2/votacoes/2563330-59";"2026-03-17T23:16:44";"Sim";"220559";"https://dadosabertos.camara.leg.br/api/v2/deputados/220559";"Julia Zanatta";"PL";"https://dadosabertos.camara.leg.br/api/v2/partidos/37906";"SC";"57";"https://www.camara.leg.br/internet/deputado/bandep/220559.jpg"
"2563330-59";"https://dadosabertos.camara.leg.br/api/v2/votacoes/2563330-59";"2026-03-17T23:10:17";"Não";"220640";"https://dadosabertos.camara.leg.br/api/v2/deputados/220640";"Juliana Cardoso";"PT";"https://dadosabertos.camara.leg.br/api/v2/partidos/36844";"SP";"57";"https://www.camara.leg.br/internet/deputado/bandep/220640.jpg"
"2563330-59";"https://dadosabertos.camara.leg.br/api/v2/votacoes/2563330-59";"2026-03-17T23:12:45";"Não";"204372";"https://dadosabertos.camara.leg.br/api/v2/deputados/204372";"Julio Cesar Ribeiro";"REPUBLICANOS";"https://dadosabertos.camara.leg.br/api/v2/partidos/37908";"DF";"57";"https://www.camara.leg.br/internet/deputado/bandep/204372.jpg"
"2563330-59";"https://dadosabertos.camara.leg.br/api/v2/votacoes/2563330-59";"2026-03-17T23:13:29";"Não";"74253";"https://dadosabertos.camara.leg.br/api/v2/deputados/74253";"Julio Lopes";"PP";"https://dadosabertos.camara.leg.br/api/v2/partidos/37903";"RJ";"57";"https://www.camara.leg.br/internet/deputado/bandep/74253.jpg"
"2563330-59";"https://dadosabertos.camara.leg.br/api/v2/votacoes/2563330-59";"2026-03-17T23:15:56";"Não";"204457";"https://dadosabertos.camara.leg.br/api/v2/deputados/204457";"Juninho do Pneu";"UNIÃO";"https://dadosabertos.camara.leg.br/api/v2/partidos/38009";"RJ";"57";"https://www.camara.leg.br/internet/deputado/bandep/204457.jpg"
"2563330-59";"https://dadosabertos.camara.leg.br/api/v2/votacoes/2563330-59";"2026-03-17T23:17:04";"Não";"204497";"https://dadosabertos.camara.leg.br/api/v2/deputados/204497";"Júnior Ferrari";"PSD";"https://dadosabertos.camara.leg.br/api/v2/partidos/36834";"PA";"57";"https://www.camara.leg.br/internet/deputado/bandep/204497.jpg"
"2563330-59";"https://dadosabertos.camara.leg.br/api/v2/votacoes/2563330-59";"2026-03-17T23:12:36";"Não";"204574";"https://dadosabertos.camara.leg.br/api/v2/deputados/204574";"Junior Lourenço";"PL";"https://dadosabertos.camara.leg.br/api/v2/partidos/37906";"MA";"57";"https://www.camara.leg.br/internet/deputado/bandep/204574.jpg"
"2563330-59";"https://dadosabertos.camara.leg.br/api/v2/votacoes/2563330-59";"2026-03-17T23:13:08";"Não";"178886";"https://dadosabertos.camara.leg.br/api/v2/deputados/178886";"Juscelino Filho";"UNIÃO";"https://dadosabertos.camara.leg.br/api/v2/partidos/38009";"MA";"57";"https://www.camara.leg.br/internet/deputado/bandep/178886.jpg"
"2563330-59";"https://dadosabertos.camara.leg.br/api/v2/votacoes/2563330-59";"2026-03-17T23:17:51";"Não";"220677";"https://dadosabertos.camara.leg.br/api/v2/deputados/220677";"Keniston Braga";"MDB";"https://dadosabertos.camara.leg.br/api/v2/partidos/36899";"PA";"57";"https://www.camara.leg.br/internet/deputado/bandep/220677.jpg"
"2563330-59";"https://dadosabertos.camara.leg.br/api/v2/votacoes/2563330-59";"2026-03-17T23:13:20";"Não";"162067";"https://dadosabertos.camara.leg.br/api/v2/deputados/162067";"Kiko Celeguim";"PT";"https://dadosabertos.camara.leg.br/api/v2/partidos/36844";"SP";"57";"https://www.camara.leg.br/internet/deputado/bandep/162067.jpg"
"2563330-59";"https://dadosabertos.camara.leg.br/api/v2/votacoes/2563330-59";"2026-03-17T23:15:12";"Obstrução";"204536";"https://dadosabertos.camara.leg.br/api/v2/deputados/204536";"Kim Kataguiri";"MISSÃO";"https://dadosabertos.camara.leg.br/api/v2/partidos/38011";"SP";"57";"https://www.camara.leg.br/internet/deputado/bandep/204536.jpg"
"2563330-59";"https://dadosabertos.camara.leg.br/api/v2/votacoes/2563330-59";"2026-03-17T23:11:35";"Não";"98057";"https://dadosabertos.camara.leg.br/api/v2/deputados/98057";"Lafayette de Andrada";"REPUBLICANOS";"https://dadosabertos.camara.leg.br/api/v2/partidos/37908";"MG";"57";"https://www.camara.leg.br/internet/deputado/bandep/98057.jpg"
"2563330-59";"https://dadosabertos.camara.leg.br/api/v2/votacoes/2563330-59";"2026-03-17T23:14:00";"Não";"74856";"https://dadosabertos.camara.leg.br/api/v2/deputados/74856";"Laura Carneiro";"PSD";"https://dadosabertos.camara.leg.br/api/v2/partidos/36834";"RJ";"57";"https://www.camara.leg.br/internet/deputado/bandep/74856.jpg"
"2563330-59";"https://dadosabertos.camara.leg.br/api/v2/votacoes/2563330-59";"2026-03-17T23:11:03";"Não";"220566";"https://dadosabertos.camara.leg.br/api/v2/deputados/220566";"Lêda Borges";"PSDB";"https://dadosabertos.camara.leg.br/api/v2/partidos/36835";"GO";"57";"https://www.camara.leg.br/internet/deputado/bandep/220566.jpg"
"2563330-59";"https://dadosabertos.camara.leg.br/api/v2/votacoes/2563330-59";"2026-03-17T23:13:06";"Não";"231911";"https://dadosabertos.camara.leg.br/api/v2/deputados/231911";"Lenir de Assis";"PT";"https://dadosabertos.camara.leg.br/api/v2/partidos/36844";"PR";"57";"https://www.camara.leg.br/internet/deputado/bandep/231911.jpg"
"2563330-59";"https://dadosabertos.camara.leg.br/api/v2/votacoes/2563330-59";"2026-03-17T23:12:22";"Não";"74156";"https://dadosabertos.camara.leg.br/api/v2/deputados/74156";"Leonardo Monteiro";"PT";"https://dadosabertos.camara.leg.br/api/v2/partidos/36844";"MG";"57";"https://www.camara.leg.br/internet/deputado/bandep/74156.jpg"
"2563330-59";"https://dadosabertos.camara.leg.br/api/v2/votacoes/2563330-59";"2026-03-17T23:15:43";"Não";"74299";"https://dadosabertos.camara.leg.br/api/v2/deputados/74299";"Leônidas Cristino";"PDT";"https://dadosabertos.camara.leg.br/api/v2/partidos/36786";"CE";"57";"https://www.camara.leg.br/internet/deputado/bandep/74299.jpg"
"2563330-59";"https://dadosabertos.camara.leg.br/api/v2/votacoes/2563330-59";"2026-03-17T23:18:42";"Não";"92102";"https://dadosabertos.camara.leg.br/api/v2/deputados/92102";"Leur Lomanto Júnior";"UNIÃO";"https://dadosabertos.camara.leg.br/api/v2/partidos/38009";"BA";"57";"https://www.camara.leg.br/internet/deputado/bandep/92102.jpg"
"2563330-59";"https://dadosabertos.camara.leg.br/api/v2/votacoes/2563330-59";"2026-03-17T23:11:33";"Não";"139285";"https://dadosabertos.camara.leg.br/api/v2/deputados/139285";"Lídice da Mata";"PSB";"https://dadosabertos.camara.leg.br/api/v2/partidos/36832";"BA";"57";"https://www.camara.leg.br/internet/deputado/bandep/139285.jpg"
"2563330-59";"https://dadosabertos.camara.leg.br/api/v2/votacoes/2563330-59";"2026-03-17T23:12:43";"Não";"74858";"https://dadosabertos.camara.leg.br/api/v2/deputados/74858";"Lindbergh Farias";"PT";"https://dadosabertos.camara.leg.br/api/v2/partidos/36844";"RJ";"57";"https://www.camara.leg.br/internet/deputado/bandep/74858.jpg"
"2563330-59";"https://dadosabertos.camara.leg.br/api/v2/votacoes/2563330-59";"2026-03-17T23:14:20";"Não";"234253";"https://dadosabertos.camara.leg.br/api/v2/deputados/234253";"Lucas Abrahao";"REDE";"https://dadosabertos.camara.leg.br/api/v2/partidos/36886";"AP";"57";"https://www.camara.leg.br/internet/deputado/bandep/234253.jpg"
"2563330-59";"https://dadosabertos.camara.leg.br/api/v2/votacoes/2563330-59";"2026-03-17T23:10:15";"Não";"220662";"https://dadosabertos.camara.leg.br/api/v2/deputados/220662";"Lucas Ramos";"PSB";"https://dadosabertos.camara.leg.br/api/v2/partidos/36832";"PE";"57";"https://www.camara.leg.br/internet/deputado/bandep/220662.jpg"
"2563330-59";"https://dadosabertos.camara.leg.br/api/v2/votacoes/2563330-59";"2026-03-17T23:13:50";"Sim";"204404";"https://dadosabertos.camara.leg.br/api/v2/deputados/204404";"Lucas Redecker";"PSDB";"https://dadosabertos.camara.leg.br/api/v2/partidos/36835";"RS";"57";"https://www.camara.leg.br/internet/deputado/bandep/204404.jpg"
"2563330-59";"https://dadosabertos.camara.leg.br/api/v2/votacoes/2563330-59";"2026-03-17T23:14:52";"Não";"138286";"https://dadosabertos.camara.leg.br/api/v2/deputados/138286";"Luciano Alves";"PSD";"https://dadosabertos.camara.leg.br/api/v2/partidos/36834";"PR";"57";"https://www.camara.leg.br/internet/deputado/bandep/138286.jpg"
"2563330-59";"https://dadosabertos.camara.leg.br/api/v2/votacoes/2563330-59";"2026-03-17T23:10:46";"Não";"220581";"https://dadosabertos.camara.leg.br/api/v2/deputados/220581";"Luciano Amaral";"PSD";"https://dadosabertos.camara.leg.br/api/v2/partidos/36834";"AL";"57";"https://www.camara.leg.br/internet/deputado/bandep/220581.jpg"
"2563330-59";"https://dadosabertos.camara.leg.br/api/v2/votacoes/2563330-59";"2026-03-17T23:13:17";"Não";"74478";"https://dadosabertos.camara.leg.br/api/v2/deputados/74478";"Luciano Bivar";"UNIÃO";"https://dadosabertos.camara.leg.br/api/v2/partidos/38009";"PE";"57";"https://www.camara.leg.br/internet/deputado/bandep/74478.jpg"
"2563330-59";"https://dadosabertos.camara.leg.br/api/v2/votacoes/2563330-59";"2026-03-17T23:12:41";"Abstenção";"178954";"https://dadosabertos.camara.leg.br/api/v2/deputados/178954";"Lucio Mosquini";"MDB";"https://dadosabertos.camara.leg.br/api/v2/partidos/36899";"RO";"57";"https://www.camara.leg.br/internet/deputado/bandep/178954.jpg"
"2563330-59";"https://dadosabertos.camara.leg.br/api/v2/votacoes/2563330-59";"2026-03-17T23:13:28";"Não";"204410";"https://dadosabertos.camara.leg.br/api/v2/deputados/204410";"Luisa Canziani";"PSD";"https://dadosabertos.camara.leg.br/api/v2/partidos/36834";"PR";"57";"https://www.camara.leg.br/internet/deputado/bandep/204410.jpg"
"2563330-59";"https://dadosabertos.camara.leg.br/api/v2/votacoes/2563330-59";"2026-03-17T23:12:00";"Não";"141485";"https://dadosabertos.camara.leg.br/api/v2/deputados/141485";"Luiz Carlos Busato";"UNIÃO";"https://dadosabertos.camara.leg.br/api/v2/partidos/38009";"RS";"57";"https://www.camara.leg.br/internet/deputado/bandep/141485.jpg"
"2563330-59";"https://dadosabertos.camara.leg.br/api/v2/votacoes/2563330-59";"2026-03-17T23:10:41";"Não";"73778";"https://dadosabertos.camara.leg.br/api/v2/deputados/73778";"Luiz Carlos Hauly";"PODE";"https://dadosabertos.camara.leg.br/api/v2/partidos/36896";"PR";"57";"https://www.camara.leg.br/internet/deputado/bandep/73778.jpg"
"2563330-59";"https://dadosabertos.camara.leg.br/api/v2/votacoes/2563330-59";"2026-03-17T23:16:53";"Sim";"204485";"https://dadosabertos.camara.leg.br/api/v2/deputados/204485";"Luiz Carlos Motta";"PL";"https://dadosabertos.camara.leg.br/api/v2/partidos/37906";"SP";"57";"https://www.camara.leg.br/internet/deputado/bandep/204485.jpg"
"2563330-59";"https://dadosabertos.camara.leg.br/api/v2/votacoes/2563330-59";"2026-03-17T23:10:48";"Não";"74041";"https://dadosabertos.camara.leg.br/api/v2/deputados/74041";"Luiz Couto";"PT";"https://dadosabertos.camara.leg.br/api/v2/partidos/36844";"PB";"57";"https://www.camara.leg.br/internet/deputado/bandep/74041.jpg"
"2563330-59";"https://dadosabertos.camara.leg.br/api/v2/votacoes/2563330-59";"2026-03-17T23:11:12";"Não";"141487";"https://dadosabertos.camara.leg.br/api/v2/deputados/141487";"Luiz Fernando Faria";"PSD";"https://dadosabertos.camara.leg.br/api/v2/partidos/36834";"MG";"57";"https://www.camara.leg.br/internet/deputado/bandep/141487.jpg"
"2563330-59";"https://dadosabertos.camara.leg.br/api/v2/votacoes/2563330-59";"2026-03-17T23:13:54";"Não";"220658";"https://dadosabertos.camara.leg.br/api/v2/deputados/220658";"Luiz Gastão";"PSD";"https://dadosabertos.camara.leg.br/api/v2/partidos/36834";"CE";"57";"https://www.camara.leg.br/internet/deputado/bandep/220658.jpg"
"2563330-59";"https://dadosabertos.camara.leg.br/api/v2/votacoes/2563330-59";"2026-03-17T23:19:03";"Sim";"204455";"https://dadosabertos.camara.leg.br/api/v2/deputados/204455";"Luiz Lima";"NOVO";"https://dadosabertos.camara.leg.br/api/v2/partidos/37901";"RJ";"57";"https://www.camara.leg.br/internet/deputado/bandep/204455.jpg"
"2563330-59";"https://dadosabertos.camara.leg.br/api/v2/votacoes/2563330-59";"2026-03-17T23:11:28";"Não";"74784";"https://dadosabertos.camara.leg.br/api/v2/deputados/74784";"Luiza Erundina";"PSOL";"https://dadosabertos.camara.leg.br/api/v2/partidos/36839";"SP";"57";"https://www.camara.leg.br/internet/deputado/bandep/74784.jpg"
"2563330-59";"https://dadosabertos.camara.leg.br/api/v2/votacoes/2563330-59";"2026-03-17T23:15:59";"Não";"178866";"https://dadosabertos.camara.leg.br/api/v2/deputados/178866";"Luizianne Lins";"PT";"https://dadosabertos.camara.leg.br/api/v2/partidos/36844";"CE";"57";"https://www.camara.leg.br/internet/deputado/bandep/178866.jpg"
"2563330-59";"https://dadosabertos.camara.leg.br/api/v2/votacoes/2563330-59";"2026-03-17T23:10:57";"Não";"220669";"https://dadosabertos.camara.leg.br/api/v2/deputados/220669";"Lula da Fonte";"PP";"https://dadosabertos.camara.leg.br/api/v2/partidos/37903";"PE";"57";"https://www.camara.leg.br/internet/deputado/bandep/220669.jpg"
"2563330-59";"https://dadosabertos.camara.leg.br/api/v2/votacoes/2563330-59";"2026-03-17T23:13:10";"Não";"220648";"https://dadosabertos.camara.leg.br/api/v2/deputados/220648";"Marangoni";"UNIÃO";"https://dadosabertos.camara.leg.br/api/v2/partidos/38009";"SP";"57";"https://www.camara.leg.br/internet/deputado/bandep/220648.jpg"
"2563330-59";"https://dadosabertos.camara.leg.br/api/v2/votacoes/2563330-59";"2026-03-17T23:17:30";"Sim";"156190";"https://dadosabertos.camara.leg.br/api/v2/deputados/156190";"Marcel van Hattem";"NOVO";"https://dadosabertos.camara.leg.br/api/v2/partidos/37901";"RS";"57";"https://www.camara.leg.br/internet/deputado/bandep/156190.jpg"
"2563330-59";"https://dadosabertos.camara.leg.br/api/v2/votacoes/2563330-59";"2026-03-17T23:10:51";"Obstrução";"179000";"https://dadosabertos.camara.leg.br/api/v2/deputados/179000";"Marcelo Álvaro Antônio";"PL";"https://dadosabertos.camara.leg.br/api/v2/partidos/37906";"MG";"57";"https://www.camara.leg.br/internet/deputado/bandep/179000.jpg"
"2563330-59";"https://dadosabertos.camara.leg.br/api/v2/votacoes/2563330-59";"2026-03-17T23:15:04";"Não";"220599";"https://dadosabertos.camara.leg.br/api/v2/deputados/220599";"Marcelo Crivella";"REPUBLICANOS";"https://dadosabertos.camara.leg.br/api/v2/partidos/37908";"RJ";"57";"https://www.camara.leg.br/internet/deputado/bandep/220599.jpg"
"2563330-59";"https://dadosabertos.camara.leg.br/api/v2/votacoes/2563330-59";"2026-03-17T23:12:47";"Obstrução";"133810";"https://dadosabertos.camara.leg.br/api/v2/deputados/133810";"Marcelo Moraes";"PL";"https://dadosabertos.camara.leg.br/api/v2/partidos/37906";"RS";"57";"https://www.camara.leg.br/internet/deputado/bandep/133810.jpg"
"2563330-59";"https://dadosabertos.camara.leg.br/api/v2/votacoes/2563330-59";"2026-03-17T23:10:29";"Não";"220687";"https://dadosabertos.camara.leg.br/api/v2/deputados/220687";"Márcio Honaiser";"PDT";"https://dadosabertos.camara.leg.br/api/v2/partidos/36786";"MA";"57";"https://www.camara.leg.br/internet/deputado/bandep/220687.jpg"
"2563330-59";"https://dadosabertos.camara.leg.br/api/v2/votacoes/2563330-59";"2026-03-17T23:10:17";"Não";"81055";"https://dadosabertos.camara.leg.br/api/v2/deputados/81055";"Márcio Jerry";"PCdoB";"https://dadosabertos.camara.leg.br/api/v2/partidos/36779";"MA";"57";"https://www.camara.leg.br/internet/deputado/bandep/81055.jpg"
"2563330-59";"https://dadosabertos.camara.leg.br/api/v2/votacoes/2563330-59";"2026-03-17T23:16:02";"Não";"150418";"https://dadosabertos.camara.leg.br/api/v2/deputados/150418";"Márcio Marinho";"REPUBLICANOS";"https://dadosabertos.camara.leg.br/api/v2/partidos/37908";"BA";"57";"https://www.camara.leg.br/internet/deputado/bandep/150418.jpg"
"2563330-59";"https://dadosabertos.camara.leg.br/api/v2/votacoes/2563330-59";"2026-03-17T23:10:18";"Não";"204431";"https://dadosabertos.camara.leg.br/api/v2/deputados/204431";"Marcos Aurélio Sampaio";"PSD";"https://dadosabertos.camara.leg.br/api/v2/partidos/36834";"PI";"57";"https://www.camara.leg.br/internet/deputado/bandep/204431.jpg"
"2563330-59";"https://dadosabertos.camara.leg.br/api/v2/votacoes/2563330-59";"2026-03-17T23:16:25";"Sim";"220547";"https://dadosabertos.camara.leg.br/api/v2/deputados/220547";"Marcos Pollon";"PL";"https://dadosabertos.camara.leg.br/api/v2/partidos/37906";"MS";"57";"https://www.camara.leg.br/internet/deputado/bandep/220547.jpg"
"2563330-59";"https://dadosabertos.camara.leg.br/api/v2/votacoes/2563330-59";"2026-03-17T23:14:25";"Não";"220668";"https://dadosabertos.camara.leg.br/api/v2/deputados/220668";"Maria Arraes";"SOLIDARIEDADE";"https://dadosabertos.camara.leg.br/api/v2/partidos/37904";"PE";"57";"https://www.camara.leg.br/internet/deputado/bandep/220668.jpg"
"2563330-59";"https://dadosabertos.camara.leg.br/api/v2/votacoes/2563330-59";"2026-03-17T23:18:48";"Não";"74398";"https://dadosabertos.camara.leg.br/api/v2/deputados/74398";"Maria do Rosário";"PT";"https://dadosabertos.camara.leg.br/api/v2/partidos/36844";"RS";"57";"https://www.camara.leg.br/internet/deputado/bandep/74398.jpg"
"2563330-59";"https://dadosabertos.camara.leg.br/api/v2/votacoes/2563330-59";"2026-03-17T23:12:05";"Não";"204540";"https://dadosabertos.camara.leg.br/api/v2/deputados/204540";"Maria Rosas";"REPUBLICANOS";"https://dadosabertos.camara.leg.br/api/v2/partidos/37908";"SP";"57";"https://www.camara.leg.br/internet/deputado/bandep/204540.jpg"
"2563330-59";"https://dadosabertos.camara.leg.br/api/v2/votacoes/2563330-59";"2026-03-17T23:19:07";"Sim";"220655";"https://dadosabertos.camara.leg.br/api/v2/deputados/220655";"Mario Frias";"PL";"https://dadosabertos.camara.leg.br/api/v2/partidos/37906";"SP";"57";"https://www.camara.leg.br/internet/deputado/bandep/220655.jpg"
"2563330-59";"https://dadosabertos.camara.leg.br/api/v2/votacoes/2563330-59";"2026-03-17T23:10:57";"Não";"74158";"https://dadosabertos.camara.leg.br/api/v2/deputados/74158";"Mário Heringer";"PDT";"https://dadosabertos.camara.leg.br/api/v2/partidos/36786";"MG";"57";"https://www.camara.leg.br/internet/deputado/bandep/74158.jpg"
"2563330-59";"https://dadosabertos.camara.leg.br/api/v2/votacoes/2563330-59";"2026-03-17T23:10:59";"Não";"178858";"https://dadosabertos.camara.leg.br/api/v2/deputados/178858";"Mário Negromonte Jr.";"PP";"https://dadosabertos.camara.leg.br/api/v2/partidos/37903";"BA";"57";"https://www.camara.leg.br/internet/deputado/bandep/178858.jpg"
"2563330-59";"https://dadosabertos.camara.leg.br/api/v2/votacoes/2563330-59";"2026-03-17T23:18:08";"Sim";"220572";"https://dadosabertos.camara.leg.br/api/v2/deputados/220572";"Marussa Boldrin";"MDB";"https://dadosabertos.camara.leg.br/api/v2/partidos/36899";"GO";"57";"https://www.camara.leg.br/internet/deputado/bandep/220572.jpg"
"2563330-59";"https://dadosabertos.camara.leg.br/api/v2/votacoes/2563330-59";"2026-03-17T23:10:40";"Não";"178843";"https://dadosabertos.camara.leg.br/api/v2/deputados/178843";"Marx Beltrão";"PP";"https://dadosabertos.camara.leg.br/api/v2/partidos/37903";"AL";"57";"https://www.camara.leg.br/internet/deputado/bandep/178843.jpg"
"2563330-59";"https://dadosabertos.camara.leg.br/api/v2/votacoes/2563330-59";"2026-03-17T23:16:04";"Sim";"220661";"https://dadosabertos.camara.leg.br/api/v2/deputados/220661";"Matheus Noronha";"PL";"https://dadosabertos.camara.leg.br/api/v2/partidos/37906";"CE";"57";"https://www.camara.leg.br/internet/deputado/bandep/220661.jpg"
"2563330-59";"https://dadosabertos.camara.leg.br/api/v2/votacoes/2563330-59";"2026-03-17T23:11:41";"Obstrução";"220628";"https://dadosabertos.camara.leg.br/api/v2/deputados/220628";"Mauricio do Vôlei";"PL";"https://dadosabertos.camara.leg.br/api/v2/partidos/37906";"MG";"57";"https://www.camara.leg.br/internet/deputado/bandep/220628.jpg"
"2563330-59";"https://dadosabertos.camara.leg.br/api/v2/votacoes/2563330-59";"2026-03-17T23:16:27";"Sim";"220550";"https://dadosabertos.camara.leg.br/api/v2/deputados/220550";"Mauricio Marcon";"PL";"https://dadosabertos.camara.leg.br/api/v2/partidos/37906";"RS";"57";"https://www.camara.leg.br/internet/deputado/bandep/220550.jpg"
"2563330-59";"https://dadosabertos.camara.leg.br/api/v2/votacoes/2563330-59";"2026-03-17T23:12:50";"Não";"220607";"https://dadosabertos.camara.leg.br/api/v2/deputados/220607";"Max Lemos";"PDT";"https://dadosabertos.camara.leg.br/api/v2/partidos/36786";"RJ";"57";"https://www.camara.leg.br/internet/deputado/bandep/220607.jpg"
"2563330-59";"https://dadosabertos.camara.leg.br/api/v2/votacoes/2563330-59";"2026-03-17T23:11:35";"Não";"220591";"https://dadosabertos.camara.leg.br/api/v2/deputados/220591";"Meire Serafim";"UNIÃO";"https://dadosabertos.camara.leg.br/api/v2/partidos/38009";"AC";"57";"https://www.camara.leg.br/internet/deputado/bandep/220591.jpg"
"2563330-59";"https://dadosabertos.camara.leg.br/api/v2/votacoes/2563330-59";"2026-03-17T23:10:43";"Não";"188097";"https://dadosabertos.camara.leg.br/api/v2/deputados/188097";"Merlong Solano";"PT";"https://dadosabertos.camara.leg.br/api/v2/partidos/36844";"PI";"57";"https://www.camara.leg.br/internet/deputado/bandep/188097.jpg"
"2563330-59";"https://dadosabertos.camara.leg.br/api/v2/votacoes/2563330-59";"2026-03-17T23:13:26";"Não";"220530";"https://dadosabertos.camara.leg.br/api/v2/deputados/220530";"Messias Donato";"REPUBLICANOS";"https://dadosabertos.camara.leg.br/api/v2/partidos/37908";"ES";"57";"https://www.camara.leg.br/internet/deputado/bandep/220530.jpg"
"2563330-59";"https://dadosabertos.camara.leg.br/api/v2/votacoes/2563330-59";"2026-03-17T23:16:41";"Sim";"178985";"https://dadosabertos.camara.leg.br/api/v2/deputados/178985";"Miguel Lombardi";"PL";"https://dadosabertos.camara.leg.br/api/v2/partidos/37906";"SP";"57";"https://www.camara.leg.br/internet/deputado/bandep/178985.jpg"
"2563330-59";"https://dadosabertos.camara.leg.br/api/v2/votacoes/2563330-59";"2026-03-17T23:18:27";"Sim";"160561";"https://dadosabertos.camara.leg.br/api/v2/deputados/160561";"Missionário José Olimpio";"PL";"https://dadosabertos.camara.leg.br/api/v2/partidos/37906";"SP";"57";"https://www.camara.leg.br/internet/deputado/bandep/160561.jpg"
"2563330-59";"https://dadosabertos.camara.leg.br/api/v2/votacoes/2563330-59";"2026-03-17T23:16:43";"Não";"178997";"https://dadosabertos.camara.leg.br/api/v2/deputados/178997";"Moses Rodrigues";"UNIÃO";"https://dadosabertos.camara.leg.br/api/v2/partidos/38009";"CE";"57";"https://www.camara.leg.br/internet/deputado/bandep/178997.jpg"
"2563330-59";"https://dadosabertos.camara.leg.br/api/v2/votacoes/2563330-59";"2026-03-17T23:16:00";"Não";"220584";"https://dadosabertos.camara.leg.br/api/v2/deputados/220584";"Murilo Galdino";"REPUBLICANOS";"https://dadosabertos.camara.leg.br/api/v2/partidos/37908";"PB";"57";"https://www.camara.leg.br/internet/deputado/bandep/220584.jpg"
"2563330-59";"https://dadosabertos.camara.leg.br/api/v2/votacoes/2563330-59";"2026-03-17T23:16:22";"Não";"204453";"https://dadosabertos.camara.leg.br/api/v2/deputados/204453";"Natália Bonavides";"PT";"https://dadosabertos.camara.leg.br/api/v2/partidos/36844";"RN";"57";"https://www.camara.leg.br/internet/deputado/bandep/204453.jpg"
"2563330-59";"https://dadosabertos.camara.leg.br/api/v2/votacoes/2563330-59";"2026-03-17T23:11:20";"Não";"220703";"https://dadosabertos.camara.leg.br/api/v2/deputados/220703";"Neto Carletto";"AVANTE";"https://dadosabertos.camara.leg.br/api/v2/partidos/36898";"BA";"57";"https://www.camara.leg.br/internet/deputado/bandep/220703.jpg"
"2563330-59";"https://dadosabertos.camara.leg.br/api/v2/votacoes/2563330-59";"2026-03-17T23:17:51";"Sim";"204479";"https://dadosabertos.camara.leg.br/api/v2/deputados/204479";"Nicoletti";"PL";"https://dadosabertos.camara.leg.br/api/v2/partidos/37906";"RR";"57";"https://www.camara.leg.br/internet/deputado/bandep/204479.jpg"
"2563330-59";"https://dadosabertos.camara.leg.br/api/v2/votacoes/2563330-59";"2026-03-17T23:15:55";"Sim";"209787";"https://dadosabertos.camara.leg.br/api/v2/deputados/209787";"Nikolas Ferreira";"PL";"https://dadosabertos.camara.leg.br/api/v2/partidos/37906";"MG";"57";"https://www.camara.leg.br/internet/deputado/bandep/209787.jpg"
"2563330-59";"https://dadosabertos.camara.leg.br/api/v2/votacoes/2563330-59";"2026-03-17T23:10:24";"Não";"178986";"https://dadosabertos.camara.leg.br/api/v2/deputados/178986";"Nilto Tatto";"PT";"https://dadosabertos.camara.leg.br/api/v2/partidos/36844";"SP";"57";"https://www.camara.leg.br/internet/deputado/bandep/178986.jpg"
"2563330-59";"https://dadosabertos.camara.leg.br/api/v2/votacoes/2563330-59";"2026-03-17T23:10:52";"Não";"74159";"https://dadosabertos.camara.leg.br/api/v2/deputados/74159";"Odair Cunha";"PT";"https://dadosabertos.camara.leg.br/api/v2/partidos/36844";"MG";"57";"https://www.camara.leg.br/internet/deputado/bandep/74159.jpg"
"2563330-59";"https://dadosabertos.camara.leg.br/api/v2/votacoes/2563330-59";"2026-03-17T23:13:22";"Não";"178987";"https://dadosabertos.camara.leg.br/api/v2/deputados/178987";"Orlando Silva";"PCdoB";"https://dadosabertos.camara.leg.br/api/v2/partidos/36779";"SP";"57";"https://www.camara.leg.br/internet/deputado/bandep/178987.jpg"
"2563330-59";"https://dadosabertos.camara.leg.br/api/v2/votacoes/2563330-59";"2026-03-17T23:18:45";"Sim";"73692";"https://dadosabertos.camara.leg.br/api/v2/deputados/73692";"Osmar Terra";"PL";"https://dadosabertos.camara.leg.br/api/v2/partidos/37906";"RS";"57";"https://www.camara.leg.br/internet/deputado/bandep/73692.jpg"
"2563330-59";"https://dadosabertos.camara.leg.br/api/v2/votacoes/2563330-59";"2026-03-17T23:11:30";"Não";"204422";"https://dadosabertos.camara.leg.br/api/v2/deputados/204422";"Ossesio Silva";"REPUBLICANOS";"https://dadosabertos.camara.leg.br/api/v2/partidos/37908";"PE";"57";"https://www.camara.leg.br/internet/deputado/bandep/204422.jpg"
"2563330-59";"https://dadosabertos.camara.leg.br/api/v2/votacoes/2563330-59";"2026-03-17T23:11:09";"Não";"160556";"https://dadosabertos.camara.leg.br/api/v2/deputados/160556";"Padre João";"PT";"https://dadosabertos.camara.leg.br/api/v2/partidos/36844";"MG";"57";"https://www.camara.leg.br/internet/deputado/bandep/160556.jpg"
"2563330-59";"https://dadosabertos.camara.leg.br/api/v2/votacoes/2563330-59";"2026-03-17T23:14:52";"Sim";"180214";"https://dadosabertos.camara.leg.br/api/v2/deputados/180214";"Pastor Diniz";"UNIÃO";"https://dadosabertos.camara.leg.br/api/v2/partidos/38009";"RR";"57";"https://www.camara.leg.br/internet/deputado/bandep/180214.jpg"
"2563330-59";"https://dadosabertos.camara.leg.br/api/v2/votacoes/2563330-59";"2026-03-17T23:18:49";"Sim";"160642";"https://dadosabertos.camara.leg.br/api/v2/deputados/160642";"Pastor Eurico";"PL";"https://dadosabertos.camara.leg.br/api/v2/partidos/37906";"PE";"57";"https://www.camara.leg.br/internet/deputado/bandep/160642.jpg"
"2563330-59";"https://dadosabertos.camara.leg.br/api/v2/votacoes/2563330-59";"2026-03-17T23:10:55";"Não";"220615";"https://dadosabertos.camara.leg.br/api/v2/deputados/220615";"Pastor Henrique Vieira";"PSOL";"https://dadosabertos.camara.leg.br/api/v2/partidos/36839";"RJ";"57";"https://www.camara.leg.br/internet/deputado/bandep/220615.jpg"
"2563330-59";"https://dadosabertos.camara.leg.br/api/v2/votacoes/2563330-59";"2026-03-17T23:13:20";"Não";"74160";"https://dadosabertos.camara.leg.br/api/v2/deputados/74160";"Patrus Ananias";"PT";"https://dadosabertos.camara.leg.br/api/v2/partidos/36844";"MG";"57";"https://www.camara.leg.br/internet/deputado/bandep/74160.jpg"
"2563330-59";"https://dadosabertos.camara.leg.br/api/v2/votacoes/2563330-59";"2026-03-17T23:10:56";"Não";"171617";"https://dadosabertos.camara.leg.br/api/v2/deputados/171617";"Paulão";"PT";"https://dadosabertos.camara.leg.br/api/v2/partidos/36844";"AL";"57";"https://www.camara.leg.br/internet/deputado/bandep/171617.jpg"
"2563330-59";"https://dadosabertos.camara.leg.br/api/v2/votacoes/2563330-59";"2026-03-17T23:10:51";"Não";"141516";"https://dadosabertos.camara.leg.br/api/v2/deputados/141516";"Paulo Abi-Ackel";"PSDB";"https://dadosabertos.camara.leg.br/api/v2/partidos/36835";"MG";"57";"https://www.camara.leg.br/internet/deputado/bandep/141516.jpg"
"2563330-59";"https://dadosabertos.camara.leg.br/api/v2/votacoes/2563330-59";"2026-03-17T23:13:02";"Não";"220650";"https://dadosabertos.camara.leg.br/api/v2/deputados/220650";"Paulo Alexandre Barbosa";"PSDB";"https://dadosabertos.camara.leg.br/api/v2/partidos/36835";"SP";"57";"https://www.camara.leg.br/internet/deputado/bandep/220650.jpg"
"2563330-59";"https://dadosabertos.camara.leg.br/api/v2/votacoes/2563330-59";"2026-03-17T23:14:22";"Não";"178860";"https://dadosabertos.camara.leg.br/api/v2/deputados/178860";"Paulo Azi";"UNIÃO";"https://dadosabertos.camara.leg.br/api/v2/partidos/38009";"BA";"57";"https://www.camara.leg.br/internet/deputado/bandep/178860.jpg"
"2563330-59";"https://dadosabertos.camara.leg.br/api/v2/votacoes/2563330-59";"2026-03-17T23:16:27";"Sim";"160558";"https://dadosabertos.camara.leg.br/api/v2/deputados/160558";"Paulo Freire Costa";"PL";"https://dadosabertos.camara.leg.br/api/v2/partidos/37906";"SP";"57";"https://www.camara.leg.br/internet/deputado/bandep/160558.jpg"
"2563330-59";"https://dadosabertos.camara.leg.br/api/v2/votacoes/2563330-59";"2026-03-17T23:11:21";"Não";"204492";"https://dadosabertos.camara.leg.br/api/v2/deputados/204492";"Paulo Guedes";"PT";"https://dadosabertos.camara.leg.br/api/v2/partidos/36844";"MG";"57";"https://www.camara.leg.br/internet/deputado/bandep/204492.jpg"
"2563330-59";"https://dadosabertos.camara.leg.br/api/v2/votacoes/2563330-59";"2026-03-17T23:16:26";"Sim";"220685";"https://dadosabertos.camara.leg.br/api/v2/deputados/220685";"Paulo Litro";"PSD";"https://dadosabertos.camara.leg.br/api/v2/partidos/36834";"PR";"57";"https://www.camara.leg.br/internet/deputado/bandep/220685.jpg"
"2563330-59";"https://dadosabertos.camara.leg.br/api/v2/votacoes/2563330-59";"2026-03-17T23:15:15";"Não";"74574";"https://dadosabertos.camara.leg.br/api/v2/deputados/74574";"Paulo Magalhães";"PSD";"https://dadosabertos.camara.leg.br/api/v2/partidos/36834";"BA";"57";"https://www.camara.leg.br/internet/deputado/bandep/74574.jpg"
"2563330-59";"https://dadosabertos.camara.leg.br/api/v2/votacoes/2563330-59";"2026-03-17T23:16:33";"Sim";"128760";"https://dadosabertos.camara.leg.br/api/v2/deputados/128760";"Paulo Marinho Jr";"PL";"https://dadosabertos.camara.leg.br/api/v2/partidos/37906";"MA";"57";"https://www.camara.leg.br/internet/deputado/bandep/128760.jpg"
"2563330-59";"https://dadosabertos.camara.leg.br/api/v2/votacoes/2563330-59";"2026-03-17T23:11:51";"Não";"74400";"https://dadosabertos.camara.leg.br/api/v2/deputados/74400";"Paulo Pimenta";"PT";"https://dadosabertos.camara.leg.br/api/v2/partidos/36844";"RS";"57";"https://www.camara.leg.br/internet/deputado/bandep/74400.jpg"
"2563330-59";"https://dadosabertos.camara.leg.br/api/v2/votacoes/2563330-59";"2026-03-17T23:13:40";"Não";"220630";"https://dadosabertos.camara.leg.br/api/v2/deputados/220630";"Pedro Aihara";"PRD";"https://dadosabertos.camara.leg.br/api/v2/partidos/38010";"MG";"57";"https://www.camara.leg.br/internet/deputado/bandep/220630.jpg"
"2563330-59";"https://dadosabertos.camara.leg.br/api/v2/votacoes/2563330-59";"2026-03-17T23:14:19";"Não";"220667";"https://dadosabertos.camara.leg.br/api/v2/deputados/220667";"Pedro Campos";"PSB";"https://dadosabertos.camara.leg.br/api/v2/partidos/36832";"PE";"57";"https://www.camara.leg.br/internet/deputado/bandep/220667.jpg"
"2563330-59";"https://dadosabertos.camara.leg.br/api/v2/votacoes/2563330-59";"2026-03-17T23:13:27";"Não";"160604";"https://dadosabertos.camara.leg.br/api/v2/deputados/160604";"Pedro Uczai";"PT";"https://dadosabertos.camara.leg.br/api/v2/partidos/36844";"SC";"57";"https://www.camara.leg.br/internet/deputado/bandep/160604.jpg"
"2563330-59";"https://dadosabertos.camara.leg.br/api/v2/votacoes/2563330-59";"2026-03-17T23:15:06";"Não";"204406";"https://dadosabertos.camara.leg.br/api/v2/deputados/204406";"Pedro Westphalen";"PP";"https://dadosabertos.camara.leg.br/api/v2/partidos/37903";"RS";"57";"https://www.camara.leg.br/internet/deputado/bandep/204406.jpg"
"2563330-59";"https://dadosabertos.camara.leg.br/api/v2/votacoes/2563330-59";"2026-03-17T23:14:03";"Sim";"161440";"https://dadosabertos.camara.leg.br/api/v2/deputados/161440";"Pezenti";"MDB";"https://dadosabertos.camara.leg.br/api/v2/partidos/36899";"SC";"57";"https://www.camara.leg.br/internet/deputado/bandep/161440.jpg"
"2563330-59";"https://dadosabertos.camara.leg.br/api/v2/votacoes/2563330-59";"2026-03-17T23:10:57";"Não";"73486";"https://dadosabertos.camara.leg.br/api/v2/deputados/73486";"Pompeo de Mattos";"PDT";"https://dadosabertos.camara.leg.br/api/v2/partidos/36786";"RS";"57";"https://www.camara.leg.br/internet/deputado/bandep/73486.jpg"
"2563330-59";"https://dadosabertos.camara.leg.br/api/v2/votacoes/2563330-59";"2026-03-17T23:16:14";"Sim";"160601";"https://dadosabertos.camara.leg.br/api/v2/deputados/160601";"Pr. Marco Feliciano";"PL";"https://dadosabertos.camara.leg.br/api/v2/partidos/37906";"SP";"57";"https://www.camara.leg.br/internet/deputado/bandep/160601.jpg"
"2563330-59";"https://dadosabertos.camara.leg.br/api/v2/votacoes/2563330-59";"2026-03-17T23:11:40";"Não";"220533";"https://dadosabertos.camara.leg.br/api/v2/deputados/220533";"Prof. Reginaldo Veras";"PV";"https://dadosabertos.camara.leg.br/api/v2/partidos/36851";"DF";"57";"https://www.camara.leg.br/internet/deputado/bandep/220533.jpg"
"2563330-59";"https://dadosabertos.camara.leg.br/api/v2/votacoes/2563330-59";"2026-03-17T23:16:05";"Sim";"204390";"https://dadosabertos.camara.leg.br/api/v2/deputados/204390";"Professor Alcides";"PL";"https://dadosabertos.camara.leg.br/api/v2/partidos/37906";"GO";"57";"https://www.camara.leg.br/internet/deputado/bandep/204390.jpg"
"2563330-59";"https://dadosabertos.camara.leg.br/api/v2/votacoes/2563330-59";"2026-03-17T23:11:13";"Não";"160641";"https://dadosabertos.camara.leg.br/api/v2/deputados/160641";"Professora Marcivania";"PCdoB";"https://dadosabertos.camara.leg.br/api/v2/partidos/36779";"AP";"57";"https://www.camara.leg.br/internet/deputado/bandep/160641.jpg"
"2563330-59";"https://dadosabertos.camara.leg.br/api/v2/votacoes/2563330-59";"2026-03-17T23:10:34";"Não";"233594";"https://dadosabertos.camara.leg.br/api/v2/deputados/233594";"Rafael Fera";"PODE";"https://dadosabertos.camara.leg.br/api/v2/partidos/36896";"RO";"57";"https://www.camara.leg.br/internet/deputado/bandep/233594.jpg"
"2563330-59";"https://dadosabertos.camara.leg.br/api/v2/votacoes/2563330-59";"2026-03-17T23:17:59";"Não";"220532";"https://dadosabertos.camara.leg.br/api/v2/deputados/220532";"Rafael Prudente";"MDB";"https://dadosabertos.camara.leg.br/api/v2/partidos/36899";"DF";"57";"https://www.camara.leg.br/internet/deputado/bandep/220532.jpg"
"2563330-59";"https://dadosabertos.camara.leg.br/api/v2/votacoes/2563330-59";"2026-03-17T23:13:12";"Sim";"220626";"https://dadosabertos.camara.leg.br/api/v2/deputados/220626";"Rafael Simoes";"UNIÃO";"https://dadosabertos.camara.leg.br/api/v2/partidos/38009";"MG";"57";"https://www.camara.leg.br/internet/deputado/bandep/220626.jpg"
"2563330-59";"https://dadosabertos.camara.leg.br/api/v2/votacoes/2563330-59";"2026-03-17T23:10:33";"Não";"204567";"https://dadosabertos.camara.leg.br/api/v2/deputados/204567";"Raimundo Costa";"PODE";"https://dadosabertos.camara.leg.br/api/v2/partidos/36896";"BA";"57";"https://www.camara.leg.br/internet/deputado/bandep/204567.jpg"
"2563330-59";"https://dadosabertos.camara.leg.br/api/v2/votacoes/2563330-59";"2026-03-17T23:14:13";"Sim";"74084";"https://dadosabertos.camara.leg.br/api/v2/deputados/74084";"Raimundo Santos";"PSD";"https://dadosabertos.camara.leg.br/api/v2/partidos/36834";"PA";"57";"https://www.camara.leg.br/internet/deputado/bandep/74084.jpg"
"2563330-59";"https://dadosabertos.camara.leg.br/api/v2/votacoes/2563330-59";"2026-03-17T23:11:36";"Não";"220606";"https://dadosabertos.camara.leg.br/api/v2/deputados/220606";"Reimont";"PT";"https://dadosabertos.camara.leg.br/api/v2/partidos/36844";"RJ";"57";"https://www.camara.leg.br/internet/deputado/bandep/220606.jpg"
"2563330-59";"https://dadosabertos.camara.leg.br/api/v2/votacoes/2563330-59";"2026-03-17T23:16:24";"Sim";"205865";"https://dadosabertos.camara.leg.br/api/v2/deputados/205865";"Reinhold Stephanes";"PSD";"https://dadosabertos.camara.leg.br/api/v2/partidos/36834";"PR";"57";"https://www.camara.leg.br/internet/deputado/bandep/205865.jpg"
"2563330-59";"https://dadosabertos.camara.leg.br/api/v2/votacoes/2563330-59";"2026-03-17T23:12:09";"Não";"178989";"https://dadosabertos.camara.leg.br/api/v2/deputados/178989";"Renata Abreu";"PODE";"https://dadosabertos.camara.leg.br/api/v2/partidos/36896";"SP";"57";"https://www.camara.leg.br/internet/deputado/bandep/178989.jpg"
"2563330-59";"https://dadosabertos.camara.leg.br/api/v2/votacoes/2563330-59";"2026-03-17T23:12:40";"Não";"73801";"https://dadosabertos.camara.leg.br/api/v2/deputados/73801";"Renildo Calheiros";"PCdoB";"https://dadosabertos.camara.leg.br/api/v2/partidos/36779";"PE";"57";"https://www.camara.leg.br/internet/deputado/bandep/73801.jpg"
"2563330-59";"https://dadosabertos.camara.leg.br/api/v2/votacoes/2563330-59";"2026-03-17T23:11:08";"Não";"175765";"https://dadosabertos.camara.leg.br/api/v2/deputados/175765";"Ribamar Silva";"PSD";"https://dadosabertos.camara.leg.br/api/v2/partidos/36834";"SP";"57";"https://www.camara.leg.br/internet/deputado/bandep/175765.jpg"
"2563330-59";"https://dadosabertos.camara.leg.br/api/v2/votacoes/2563330-59";"2026-03-17T23:17:09";"Não";"235088";"https://dadosabertos.camara.leg.br/api/v2/deputados/235088";"Ribeiro Neto";"PRD";"https://dadosabertos.camara.leg.br/api/v2/partidos/38010";"MA";"57";"https://www.camara.leg.br/internet/deputado/bandep/235088.jpg"
"2563330-59";"https://dadosabertos.camara.leg.br/api/v2/votacoes/2563330-59";"2026-03-17T23:11:22";"Não";"73788";"https://dadosabertos.camara.leg.br/api/v2/deputados/73788";"Ricardo Barros";"PP";"https://dadosabertos.camara.leg.br/api/v2/partidos/37903";"PR";"57";"https://www.camara.leg.br/internet/deputado/bandep/73788.jpg"
"2563330-59";"https://dadosabertos.camara.leg.br/api/v2/votacoes/2563330-59";"2026-03-17T23:14:13";"Não";"234310";"https://dadosabertos.camara.leg.br/api/v2/deputados/234310";"Ricardo Galvão";"REDE";"https://dadosabertos.camara.leg.br/api/v2/partidos/36886";"SP";"57";"https://www.camara.leg.br/internet/deputado/bandep/234310.jpg"
"2563330-59";"https://dadosabertos.camara.leg.br/api/v2/votacoes/2563330-59";"2026-03-17T23:16:49";"Sim";"204362";"https://dadosabertos.camara.leg.br/api/v2/deputados/204362";"Ricardo Guidi";"PL";"https://dadosabertos.camara.leg.br/api/v2/partidos/37906";"SC";"57";"https://www.camara.leg.br/internet/deputado/bandep/204362.jpg"
"2563330-59";"https://dadosabertos.camara.leg.br/api/v2/votacoes/2563330-59";"2026-03-17T23:17:36";"Não";"220694";"https://dadosabertos.camara.leg.br/api/v2/deputados/220694";"Ricardo Maia";"MDB";"https://dadosabertos.camara.leg.br/api/v2/partidos/36899";"BA";"57";"https://www.camara.leg.br/internet/deputado/bandep/220694.jpg"
"2563330-59";"https://dadosabertos.camara.leg.br/api/v2/votacoes/2563330-59";"2026-03-17T23:17:10";"Sim";"220633";"https://dadosabertos.camara.leg.br/api/v2/deputados/220633";"Ricardo Salles";"NOVO";"https://dadosabertos.camara.leg.br/api/v2/partidos/37901";"SP";"57";"https://www.camara.leg.br/internet/deputado/bandep/220633.jpg"
"2563330-59";"https://dadosabertos.camara.leg.br/api/v2/votacoes/2563330-59";"2026-03-17T23:11:55";"Sim";"220588";"https://dadosabertos.camara.leg.br/api/v2/deputados/220588";"Roberto Duarte";"REPUBLICANOS";"https://dadosabertos.camara.leg.br/api/v2/partidos/37908";"AC";"57";"https://www.camara.leg.br/internet/deputado/bandep/220588.jpg"
"2563330-59";"https://dadosabertos.camara.leg.br/api/v2/votacoes/2563330-59";"2026-03-17T23:11:20";"Obstrução";"220613";"https://dadosabertos.camara.leg.br/api/v2/deputados/220613";"Roberto Monteiro Pai";"PL";"https://dadosabertos.camara.leg.br/api/v2/partidos/37906";"RJ";"57";"https://www.camara.leg.br/internet/deputado/bandep/220613.jpg"
"2563330-59";"https://dadosabertos.camara.leg.br/api/v2/votacoes/2563330-59";"2026-03-17T23:13:39";"Não";"220624";"https://dadosabertos.camara.leg.br/api/v2/deputados/220624";"Robinson Faria";"PP";"https://dadosabertos.camara.leg.br/api/v2/partidos/37903";"RN";"57";"https://www.camara.leg.br/internet/deputado/bandep/220624.jpg"
"2563330-59";"https://dadosabertos.camara.leg.br/api/v2/votacoes/2563330-59";"2026-03-17T23:16:02";"Sim";"220546";"https://dadosabertos.camara.leg.br/api/v2/deputados/220546";"Rodolfo Nogueira";"PL";"https://dadosabertos.camara.leg.br/api/v2/partidos/37906";"MS";"57";"https://www.camara.leg.br/internet/deputado/bandep/220546.jpg"
"2563330-59";"https://dadosabertos.camara.leg.br/api/v2/votacoes/2563330-59";"2026-03-17T23:16:11";"Sim";"230767";"https://dadosabertos.camara.leg.br/api/v2/deputados/230767";"Rodrigo da Zaeli";"PL";"https://dadosabertos.camara.leg.br/api/v2/partidos/37906";"MT";"57";"https://www.camara.leg.br/internet/deputado/bandep/230767.jpg"
"2563330-59";"https://dadosabertos.camara.leg.br/api/v2/votacoes/2563330-59";"2026-03-17T23:15:01";"Não";"141531";"https://dadosabertos.camara.leg.br/api/v2/deputados/141531";"Rodrigo de Castro";"UNIÃO";"https://dadosabertos.camara.leg.br/api/v2/partidos/38009";"MG";"57";"https://www.camara.leg.br/internet/deputado/bandep/141531.jpg"
"2563330-59";"https://dadosabertos.camara.leg.br/api/v2/votacoes/2563330-59";"2026-03-17T23:11:31";"Não";"220641";"https://dadosabertos.camara.leg.br/api/v2/deputados/220641";"Rodrigo Gambale";"PODE";"https://dadosabertos.camara.leg.br/api/v2/partidos/36896";"SP";"57";"https://www.camara.leg.br/internet/deputado/bandep/220641.jpg"
"2563330-59";"https://dadosabertos.camara.leg.br/api/v2/votacoes/2563330-59";"2026-03-17T23:14:11";"Sim";"165470";"https://dadosabertos.camara.leg.br/api/v2/deputados/165470";"Rodrigo Valadares";"UNIÃO";"https://dadosabertos.camara.leg.br/api/v2/partidos/38009";"SE";"57";"https://www.camara.leg.br/internet/deputado/bandep/165470.jpg"
"2563330-59";"https://dadosabertos.camara.leg.br/api/v2/votacoes/2563330-59";"2026-03-17T23:14:51";"Não";"220695";"https://dadosabertos.camara.leg.br/api/v2/deputados/220695";"Rogéria Santos";"REPUBLICANOS";"https://dadosabertos.camara.leg.br/api/v2/partidos/37908";"BA";"57";"https://www.camara.leg.br/internet/deputado/bandep/220695.jpg"
"2563330-59";"https://dadosabertos.camara.leg.br/api/v2/votacoes/2563330-59";"2026-03-17T23:10:20";"Não";"204480";"https://dadosabertos.camara.leg.br/api/v2/deputados/204480";"Rogério Correia";"PT";"https://dadosabertos.camara.leg.br/api/v2/partidos/36844";"MG";"57";"https://www.camara.leg.br/internet/deputado/bandep/204480.jpg"
"2563330-59";"https://dadosabertos.camara.leg.br/api/v2/votacoes/2563330-59";"2026-03-17T23:17:30";"Não";"160629";"https://dadosabertos.camara.leg.br/api/v2/deputados/160629";"Romero Rodrigues";"PODE";"https://dadosabertos.camara.leg.br/api/v2/partidos/36896";"PB";"57";"https://www.camara.leg.br/internet/deputado/bandep/160629.jpg"
"2563330-59";"https://dadosabertos.camara.leg.br/api/v2/votacoes/2563330-59";"2026-03-17T23:17:57";"Sim";"204525";"https://dadosabertos.camara.leg.br/api/v2/deputados/204525";"Rosana Valle";"PL";"https://dadosabertos.camara.leg.br/api/v2/partidos/37906";"SP";"57";"https://www.camara.leg.br/internet/deputado/bandep/204525.jpg"
"2563330-59";"https://dadosabertos.camara.leg.br/api/v2/votacoes/2563330-59";"2026-03-17T23:15:08";"Sim";"220644";"https://dadosabertos.camara.leg.br/api/v2/deputados/220644";"Rosangela Moro";"UNIÃO";"https://dadosabertos.camara.leg.br/api/v2/partidos/38009";"SP";"57";"https://www.camara.leg.br/internet/deputado/bandep/220644.jpg"
"2563330-59";"https://dadosabertos.camara.leg.br/api/v2/votacoes/2563330-59";"2026-03-17T23:16:07";"Sim";"220620";"https://dadosabertos.camara.leg.br/api/v2/deputados/220620";"Rosângela Reis";"PL";"https://dadosabertos.camara.leg.br/api/v2/partidos/37906";"MG";"57";"https://www.camara.leg.br/internet/deputado/bandep/220620.jpg"
"2563330-59";"https://dadosabertos.camara.leg.br/api/v2/votacoes/2563330-59";"2026-03-17T23:11:36";"Não";"73604";"https://dadosabertos.camara.leg.br/api/v2/deputados/73604";"Rui Falcão";"PT";"https://dadosabertos.camara.leg.br/api/v2/partidos/36844";"SP";"57";"https://www.camara.leg.br/internet/deputado/bandep/73604.jpg"
"2563330-59";"https://dadosabertos.camara.leg.br/api/v2/votacoes/2563330-59";"2026-03-17T23:11:55";"Não";"160635";"https://dadosabertos.camara.leg.br/api/v2/deputados/160635";"Ruy Carneiro";"PODE";"https://dadosabertos.camara.leg.br/api/v2/partidos/36896";"PB";"57";"https://www.camara.leg.br/internet/deputado/bandep/160635.jpg"
"2563330-59";"https://dadosabertos.camara.leg.br/api/v2/votacoes/2563330-59";"2026-03-17T23:10:59";"Não";"204535";"https://dadosabertos.camara.leg.br/api/v2/deputados/204535";"Sâmia Bomfim";"PSOL";"https://dadosabertos.camara.leg.br/api/v2/partidos/36839";"SP";"57";"https://www.camara.leg.br/internet/deputado/bandep/204535.jpg"
"2563330-59";"https://dadosabertos.camara.leg.br/api/v2/votacoes/2563330-59";"2026-03-17T23:16:28";"Não";"220631";"https://dadosabertos.camara.leg.br/api/v2/deputados/220631";"Samuel Viana";"REPUBLICANOS";"https://dadosabertos.camara.leg.br/api/v2/partidos/37908";"MG";"57";"https://www.camara.leg.br/internet/deputado/bandep/220631.jpg"
"2563330-59";"https://dadosabertos.camara.leg.br/api/v2/votacoes/2563330-59";"2026-03-17T23:12:27";"Obstrução";"204416";"https://dadosabertos.camara.leg.br/api/v2/deputados/204416";"Sanderson";"PL";"https://dadosabertos.camara.leg.br/api/v2/partidos/37906";"RS";"57";"https://www.camara.leg.br/internet/deputado/bandep/204416.jpg"
"2563330-59";"https://dadosabertos.camara.leg.br/api/v2/votacoes/2563330-59";"2026-03-17T23:16:22";"Sim";"204387";"https://dadosabertos.camara.leg.br/api/v2/deputados/204387";"Sargento Fahur";"PL";"https://dadosabertos.camara.leg.br/api/v2/partidos/37906";"PR";"57";"https://www.camara.leg.br/internet/deputado/bandep/204387.jpg"
"2563330-59";"https://dadosabertos.camara.leg.br/api/v2/votacoes/2563330-59";"2026-03-17T23:18:05";"Sim";"220621";"https://dadosabertos.camara.leg.br/api/v2/deputados/220621";"Sargento Gonçalves";"PL";"https://dadosabertos.camara.leg.br/api/v2/partidos/37906";"RN";"57";"https://www.camara.leg.br/internet/deputado/bandep/220621.jpg"
"2563330-59";"https://dadosabertos.camara.leg.br/api/v2/votacoes/2563330-59";"2026-03-17T23:11:11";"Não";"220618";"https://dadosabertos.camara.leg.br/api/v2/deputados/220618";"Sargento Portugal";"PODE";"https://dadosabertos.camara.leg.br/api/v2/partidos/36896";"RJ";"57";"https://www.camara.leg.br/internet/deputado/bandep/220618.jpg"
"2563330-59";"https://dadosabertos.camara.leg.br/api/v2/votacoes/2563330-59";"2026-03-17T23:12:58";"Não";"220713";"https://dadosabertos.camara.leg.br/api/v2/deputados/220713";"Saullo Vianna";"MDB";"https://dadosabertos.camara.leg.br/api/v2/partidos/36899";"AM";"57";"https://www.camara.leg.br/internet/deputado/bandep/220713.jpg"
"2563330-59";"https://dadosabertos.camara.leg.br/api/v2/votacoes/2563330-59";"2026-03-17T23:12:39";"Não";"226837";"https://dadosabertos.camara.leg.br/api/v2/deputados/226837";"Saulo Pedroso";"PSD";"https://dadosabertos.camara.leg.br/api/v2/partidos/36834";"SP";"57";"https://www.camara.leg.br/internet/deputado/bandep/226837.jpg"
"2563330-59";"https://dadosabertos.camara.leg.br/api/v2/votacoes/2563330-59";"2026-03-17T23:11:41";"Não";"77003";"https://dadosabertos.camara.leg.br/api/v2/deputados/77003";"Sergio Santos Rodrigues";"PODE";"https://dadosabertos.camara.leg.br/api/v2/partidos/36896";"MG";"57";"https://www.camara.leg.br/internet/deputado/bandep/77003.jpg"
"2563330-59";"https://dadosabertos.camara.leg.br/api/v2/votacoes/2563330-59";"2026-03-17T23:17:02";"Não";"204557";"https://dadosabertos.camara.leg.br/api/v2/deputados/204557";"Sidney Leite";"PSD";"https://dadosabertos.camara.leg.br/api/v2/partidos/36834";"AM";"57";"https://www.camara.leg.br/internet/deputado/bandep/204557.jpg"
"2563330-59";"https://dadosabertos.camara.leg.br/api/v2/votacoes/2563330-59";"2026-03-17T23:11:32";"Não";"74356";"https://dadosabertos.camara.leg.br/api/v2/deputados/74356";"Silas Câmara";"REPUBLICANOS";"https://dadosabertos.camara.leg.br/api/v2/partidos/37908";"AM";"57";"https://www.camara.leg.br/internet/deputado/bandep/74356.jpg"
"2563330-59";"https://dadosabertos.camara.leg.br/api/v2/votacoes/2563330-59";"2026-03-17T23:13:44";"Sim";"204360";"https://dadosabertos.camara.leg.br/api/v2/deputados/204360";"Silvia Cristina";"PP";"https://dadosabertos.camara.leg.br/api/v2/partidos/37903";"RO";"57";"https://www.camara.leg.br/internet/deputado/bandep/204360.jpg"
"2563330-59";"https://dadosabertos.camara.leg.br/api/v2/votacoes/2563330-59";"2026-03-17T23:16:12";"Sim";"227310";"https://dadosabertos.camara.leg.br/api/v2/deputados/227310";"Silvio Antonio";"PL";"https://dadosabertos.camara.leg.br/api/v2/partidos/37906";"MA";"57";"https://www.camara.leg.br/internet/deputado/bandep/227310.jpg"
"2563330-59";"https://dadosabertos.camara.leg.br/api/v2/votacoes/2563330-59";"2026-03-17T23:10:55";"Não";"104552";"https://dadosabertos.camara.leg.br/api/v2/deputados/104552";"Socorro Neri";"PP";"https://dadosabertos.camara.leg.br/api/v2/partidos/37903";"AC";"57";"https://www.camara.leg.br/internet/deputado/bandep/104552.jpg"
"2563330-59";"https://dadosabertos.camara.leg.br/api/v2/votacoes/2563330-59";"2026-03-17T23:15:35";"Sim";"222565";"https://dadosabertos.camara.leg.br/api/v2/deputados/222565";"Soldado Noelio";"UNIÃO";"https://dadosabertos.camara.leg.br/api/v2/partidos/38009";"CE";"57";"https://www.camara.leg.br/internet/deputado/bandep/222565.jpg"
"2563330-59";"https://dadosabertos.camara.leg.br/api/v2/votacoes/2563330-59";"2026-03-17T23:16:17";"Sim";"178946";"https://dadosabertos.camara.leg.br/api/v2/deputados/178946";"Soraya Santos";"PL";"https://dadosabertos.camara.leg.br/api/v2/partidos/37906";"RJ";"57";"https://www.camara.leg.br/internet/deputado/bandep/178946.jpg"
"2563330-59";"https://dadosabertos.camara.leg.br/api/v2/votacoes/2563330-59";"2026-03-17T23:16:20";"Sim";"178947";"https://dadosabertos.camara.leg.br/api/v2/deputados/178947";"Sóstenes Cavalcante";"PL";"https://dadosabertos.camara.leg.br/api/v2/partidos/37906";"RJ";"57";"https://www.camara.leg.br/internet/deputado/bandep/178947.jpg"
"2563330-59";"https://dadosabertos.camara.leg.br/api/v2/votacoes/2563330-59";"2026-03-17T23:10:32";"Não";"204534";"https://dadosabertos.camara.leg.br/api/v2/deputados/204534";"Tabata Amaral";"PSB";"https://dadosabertos.camara.leg.br/api/v2/partidos/36832";"SP";"57";"https://www.camara.leg.br/internet/deputado/bandep/204534.jpg"
"2563330-59";"https://dadosabertos.camara.leg.br/api/v2/votacoes/2563330-59";"2026-03-17T23:15:05";"Não";"220682";"https://dadosabertos.camara.leg.br/api/v2/deputados/220682";"Tadeu Veneri";"PT";"https://dadosabertos.camara.leg.br/api/v2/partidos/36844";"PR";"57";"https://www.camara.leg.br/internet/deputado/bandep/220682.jpg"
"2563330-59";"https://dadosabertos.camara.leg.br/api/v2/votacoes/2563330-59";"2026-03-17T23:13:21";"Não";"204464";"https://dadosabertos.camara.leg.br/api/v2/deputados/204464";"Talíria Petrone";"PSOL";"https://dadosabertos.camara.leg.br/api/v2/partidos/36839";"RJ";"57";"https://www.camara.leg.br/internet/deputado/bandep/204464.jpg"
"2563330-59";"https://dadosabertos.camara.leg.br/api/v2/votacoes/2563330-59";"2026-03-17T23:10:32";"Não";"220598";"https://dadosabertos.camara.leg.br/api/v2/deputados/220598";"Tarcísio Motta";"PSOL";"https://dadosabertos.camara.leg.br/api/v2/partidos/36839";"RJ";"57";"https://www.camara.leg.br/internet/deputado/bandep/220598.jpg"
"2563330-59";"https://dadosabertos.camara.leg.br/api/v2/votacoes/2563330-59";"2026-03-17T23:11:59";"Não";"220560";"https://dadosabertos.camara.leg.br/api/v2/deputados/220560";"Thiago de Joaldo";"PP";"https://dadosabertos.camara.leg.br/api/v2/partidos/37903";"SE";"57";"https://www.camara.leg.br/internet/deputado/bandep/220560.jpg"
"2563330-59";"https://dadosabertos.camara.leg.br/api/v2/votacoes/2563330-59";"2026-03-17T23:10:33";"Não";"143084";"https://dadosabertos.camara.leg.br/api/v2/deputados/143084";"Tiago Dimas";"PODE";"https://dadosabertos.camara.leg.br/api/v2/partidos/36896";"TO";"57";"https://www.camara.leg.br/internet/deputado/bandep/143084.jpg"
"2563330-59";"https://dadosabertos.camara.leg.br/api/v2/votacoes/2563330-59";"2026-03-17T23:11:49";"Não";"220684";"https://dadosabertos.camara.leg.br/api/v2/deputados/220684";"Tião Medeiros";"PP";"https://dadosabertos.camara.leg.br/api/v2/partidos/37903";"PR";"57";"https://www.camara.leg.br/internet/deputado/bandep/220684.jpg"
"2563330-59";"https://dadosabertos.camara.leg.br/api/v2/votacoes/2563330-59";"2026-03-17T23:14:56";"Não";"160976";"https://dadosabertos.camara.leg.br/api/v2/deputados/160976";"Tiririca";"PSD";"https://dadosabertos.camara.leg.br/api/v2/partidos/36834";"SP";"57";"https://www.camara.leg.br/internet/deputado/bandep/160976.jpg"
"2563330-59";"https://dadosabertos.camara.leg.br/api/v2/votacoes/2563330-59";"2026-03-17T23:12:19";"Não";"157130";"https://dadosabertos.camara.leg.br/api/v2/deputados/157130";"Túlio Gadêlha";"REDE";"https://dadosabertos.camara.leg.br/api/v2/partidos/36886";"PE";"57";"https://www.camara.leg.br/internet/deputado/bandep/157130.jpg"
"2563330-59";"https://dadosabertos.camara.leg.br/api/v2/votacoes/2563330-59";"2026-03-17T23:10:31";"Não";"160610";"https://dadosabertos.camara.leg.br/api/v2/deputados/160610";"Valmir Assunção";"PT";"https://dadosabertos.camara.leg.br/api/v2/partidos/36844";"BA";"57";"https://www.camara.leg.br/internet/deputado/bandep/160610.jpg"
"2563330-59";"https://dadosabertos.camara.leg.br/api/v2/votacoes/2563330-59";"2026-03-17T23:10:49";"Não";"74376";"https://dadosabertos.camara.leg.br/api/v2/deputados/74376";"Vander Loubet";"PT";"https://dadosabertos.camara.leg.br/api/v2/partidos/36844";"MS";"57";"https://www.camara.leg.br/internet/deputado/bandep/74376.jpg"
"2563330-59";"https://dadosabertos.camara.leg.br/api/v2/votacoes/2563330-59";"2026-03-17T23:12:10";"Não";"204396";"https://dadosabertos.camara.leg.br/api/v2/deputados/204396";"Vermelho";"PP";"https://dadosabertos.camara.leg.br/api/v2/partidos/37903";"PR";"57";"https://www.camara.leg.br/internet/deputado/bandep/204396.jpg"
"2563330-59";"https://dadosabertos.camara.leg.br/api/v2/votacoes/2563330-59";"2026-03-17T23:11:38";"Não";"74283";"https://dadosabertos.camara.leg.br/api/v2/deputados/74283";"Vicentinho";"PT";"https://dadosabertos.camara.leg.br/api/v2/partidos/36844";"SP";"57";"https://www.camara.leg.br/internet/deputado/bandep/74283.jpg"
"2563330-59";"https://dadosabertos.camara.leg.br/api/v2/votacoes/2563330-59";"2026-03-17T23:13:03";"Não";"137070";"https://dadosabertos.camara.leg.br/api/v2/deputados/137070";"Vicentinho Júnior";"PSDB";"https://dadosabertos.camara.leg.br/api/v2/partidos/36835";"TO";"57";"https://www.camara.leg.br/internet/deputado/bandep/137070.jpg"
"2563330-59";"https://dadosabertos.camara.leg.br/api/v2/votacoes/2563330-59";"2026-03-17T23:16:22";"Sim";"141555";"https://dadosabertos.camara.leg.br/api/v2/deputados/141555";"Vinicius Carvalho";"REPUBLICANOS";"https://dadosabertos.camara.leg.br/api/v2/partidos/37908";"SP";"57";"https://www.camara.leg.br/internet/deputado/bandep/141555.jpg"
"2563330-59";"https://dadosabertos.camara.leg.br/api/v2/votacoes/2563330-59";"2026-03-17T23:15:20";"Sim";"160591";"https://dadosabertos.camara.leg.br/api/v2/deputados/160591";"Vinicius Gurgel";"PL";"https://dadosabertos.camara.leg.br/api/v2/partidos/37906";"AP";"57";"https://www.camara.leg.br/internet/deputado/bandep/160591.jpg"
"2563330-59";"https://dadosabertos.camara.leg.br/api/v2/votacoes/2563330-59";"2026-03-17T23:11:37";"Não";"178992";"https://dadosabertos.camara.leg.br/api/v2/deputados/178992";"Vitor Lippi";"PSD";"https://dadosabertos.camara.leg.br/api/v2/partidos/36834";"SP";"57";"https://www.camara.leg.br/internet/deputado/bandep/178992.jpg"
"2563330-59";"https://dadosabertos.camara.leg.br/api/v2/votacoes/2563330-59";"2026-03-17T23:11:49";"Não";"91228";"https://dadosabertos.camara.leg.br/api/v2/deputados/91228";"Waldemar Oliveira";"AVANTE";"https://dadosabertos.camara.leg.br/api/v2/partidos/36898";"PE";"57";"https://www.camara.leg.br/internet/deputado/bandep/91228.jpg"
"2563330-59";"https://dadosabertos.camara.leg.br/api/v2/votacoes/2563330-59";"2026-03-17T23:19:07";"Não";"224333";"https://dadosabertos.camara.leg.br/api/v2/deputados/224333";"Welter";"PT";"https://dadosabertos.camara.leg.br/api/v2/partidos/36844";"PR";"57";"https://www.camara.leg.br/internet/deputado/bandep/224333.jpg"
"2563330-59";"https://dadosabertos.camara.leg.br/api/v2/votacoes/2563330-59";"2026-03-17T23:13:47";"Não";"74044";"https://dadosabertos.camara.leg.br/api/v2/deputados/74044";"Wilson Santiago";"REPUBLICANOS";"https://dadosabertos.camara.leg.br/api/v2/partidos/37908";"PB";"57";"https://www.camara.leg.br/internet/deputado/bandep/74044.jpg"
"2563330-59";"https://dadosabertos.camara.leg.br/api/v2/votacoes/2563330-59";"2026-03-17T23:12:38";"Não";"230768";"https://dadosabertos.camara.leg.br/api/v2/deputados/230768";"Zé Adriano";"PP";"https://dadosabertos.camara.leg.br/api/v2/partidos/37903";"AC";"57";"https://www.camara.leg.br/internet/deputado/bandep/230768.jpg"
"2563330-59";"https://dadosabertos.camara.leg.br/api/v2/votacoes/2563330-59";"2026-03-17T23:14:49";"Não";"220536";"https://dadosabertos.camara.leg.br/api/v2/deputados/220536";"Zé Haroldo Cathedral";"PSD";"https://dadosabertos.camara.leg.br/api/v2/partidos/36834";"RR";"57";"https://www.camara.leg.br/internet/deputado/bandep/220536.jpg"
"2563330-59";"https://dadosabertos.camara.leg.br/api/v2/votacoes/2563330-59";"2026-03-17T23:13:04";"Não";"204559";"https://dadosabertos.camara.leg.br/api/v2/deputados/204559";"Zé Neto";"PT";"https://dadosabertos.camara.leg.br/api/v2/partidos/36844";"BA";"57";"https://www.camara.leg.br/internet/deputado/bandep/204559.jpg"
"2563330-59";"https://dadosabertos.camara.leg.br/api/v2/votacoes/2563330-59";"2026-03-17T23:15:46";"Sim";"220558";"https://dadosabertos.camara.leg.br/api/v2/deputados/220558";"Zé Trovão";"PL";"https://dadosabertos.camara.leg.br/api/v2/partidos/37906";"SC";"57";"https://www.camara.leg.br/internet/deputado/bandep/220558.jpg"
"2563330-59";"https://dadosabertos.camara.leg.br/api/v2/votacoes/2563330-59";"2026-03-17T23:12:52";"Não";"160592";"https://dadosabertos.camara.leg.br/api/v2/deputados/160592";"Zeca Dirceu";"PT";"https://dadosabertos.camara.leg.br/api/v2/partidos/36844";"PR";"57";"https://www.camara.leg.br/internet/deputado/bandep/160592.jpg"
"2563330-59";"https://dadosabertos.camara.leg.br/api/v2/votacoes/2563330-59";"2026-03-17T23:16:28";"Não";"220592";"https://dadosabertos.camara.leg.br/api/v2/deputados/220592";"Zezinho Barbary";"PP";"https://dadosabertos.camara.leg.br/api/v2/partidos/37903";"AC";"57";"https://www.camara.leg.br/internet/deputado/bandep/220592.jpg"
